id,conversation_id,created_at,date,time,timezone,user_id,username,name,place,tweet,language,mentions,urls,photos,replies_count,retweets_count,likes_count,hashtags,cashtags,link,retweet,quote_url,video,thumbnail,near,geo,source,user_rt_id,user_rt,retweet_id,reply_to,retweet_date,translate,trans_src,trans_dest
1574196983509778432,1574196983509778432,2022-09-25 20:39:42 Eastern Daylight Time,2022-09-25,20:39:42,-0400,1574196951674982403,nancyro01878420,Nancy Robinson,,difference roi birthdayThere   ÙƒÌ·ÙˆÌ·Ø¯Ì¶ Ì¸Ø®Ì·ØµÌ¸Ù…Ì´   â˜­Ù±Û’Ù‡Û’Ø±Ø¨ÙÙ€  â˜­Ù±Û’Ù€Ù‡Ù€Ø±Ø¨ÙÙ€â˜­  Ø§ÙŠÙ‡Ø±Ø¨  _______________      ğŸ”µğŸ”¹â™¦ï¸â™¦ï¸ KBZ6979 â™¦ï¸â™¦ï¸ğŸ”¹ğŸ”µ  https://t.co/K1DD5ZzngI,und,[],[],['https://pbs.twimg.com/media/Fdir0K1WQAEmJA4.png'],0,0,0,[],[],https://twitter.com/NancyRo01878420/status/1574196983509778432,False,,1,https://pbs.twimg.com/media/Fdir0K1WQAEmJA4.png,,,,,,,[],,,,
1574196983404830721,1574196983404830721,2022-09-25 20:39:42 Eastern Daylight Time,2022-09-25,20:39:42,-0400,1574196934180421632,matthew04869266,Matthew Miller,,Ù…Ù† Ø£Ø¨Ø³Ø· Ø£Ù†ÙˆØ§Ø¹ Ø§Ù„Ø³Ø¹Ø§Ø¯Ø© ÙˆØ£Ù‚ÙˆØ§Ù‡Ø§ ØªØ£Ø«ÙŠØ± :  ÙƒÌ·ÙˆÌ·Ø¯Ì¶ Ì¸Ø®Ì·ØµÌ¸Ù…Ì´   â˜­Ù±Û’Ù‡Û’Ø±Ø¨ÙÙ€  â˜­Ù±Û’Ù€Ù‡Ù€Ø±Ø¨ÙÙ€â˜­   _______________      ğŸ’“ğŸ’“   IFZ3856   ğŸ’“ğŸ’“  https://t.co/s6xuzTjomm,ar,[],[],['https://pbs.twimg.com/media/Fdir0KDWAAI7MUg.png'],0,0,0,[],[],https://twitter.com/Matthew04869266/status/1574196983404830721,False,,1,https://pbs.twimg.com/media/Fdir0KDWAAI7MUg.png,,,,,,,[],,,,
1574196983279263744,1574196983279263744,2022-09-25 20:39:42 Eastern Daylight Time,2022-09-25,20:39:42,-0400,325108902,hatsuhats,Saitooo,,ã‚¹ãƒãƒ›RPGã¯ä»Šã“ã‚Œã‚’ã‚„ã£ã¦ã‚‹ã‚ˆã€‚ä»Šã®ã‚¸ãƒ§ãƒ–ã¯ã“ã‚Œï¼  https://t.co/eTfxxXU34M,ja,[],[],['https://pbs.twimg.com/media/Fdir0HXUUAAY46i.jpg'],0,0,0,[],[],https://twitter.com/HatsuHats/status/1574196983279263744,False,,1,https://pbs.twimg.com/media/Fdir0HXUUAAY46i.jpg,,,,,,,[],,,,
1574196983212003328,1574196983212003328,2022-09-25 20:39:42 Eastern Daylight Time,2022-09-25,20:39:42,-0400,1574196929847754752,adelegerlach,Adele Gerlach,,Ø¹Ù†Ø¯Ø¦Ø° ÙŠÙ†Ø³Ù‰ Ø§Ù„Ø®ÙÙ„Ø§ÙØ§Øª ÙØ£Ø­ÙŠØ§Ù†Ø§. ÙƒÌ·ÙˆÌ·Ø¯Ì¶ Ì¸Ø®Ì·ØµÌ¸Ù…Ì´  â€¢ Ø³Ù€ÙŠÙÙ€Ù€Ø¦  â€¢  â– ADT115 â–   â€¢ ØªÙˆ ÙŠÙˆ â€¢ ØªÙˆÙŠÙˆ â€¢  â–Y2 â–  https://t.co/ynTqheGIPU,ar,[],[],['https://pbs.twimg.com/media/Fdir0HeWQAIhYYq.jpg'],0,0,0,[],[],https://twitter.com/AdeleGerlach/status/1574196983212003328,False,,1,https://pbs.twimg.com/media/Fdir0HeWQAIhYYq.jpg,,,,,,,[],,,,
1574196983023210497,1574196983023210497,2022-09-25 20:39:42 Eastern Daylight Time,2022-09-25,20:39:42,-0400,1574196924210589696,thomasm21951934,Thomas Mclean,,"Wishes are memories coming from our future!  ÙƒÌ·ÙˆÌ·Ø¯Ì¶ Ì¸Ø®Ì·ØµÌ¸Ù…Ì´   Ù†Ù…Ø´ÙŠ   Ù†ÙˆÙ†   â†’Ø§Í Ù†Í Ø§Ø³Í â˜­-â†’ ÙÙˆØºØ§â˜­ÙÙˆÙ‚Ø§â˜­ÙƒÙ„ÙˆØ³ÙŠØªâ˜­-â†’     , â˜­Ø³ØªØ§Û’Ù„Û’â˜­Ù€ _______________      ğŸ“¯ğŸ“¯   H112   ğŸ“¯ğŸ“¯ Ù†Ù…Ø´ÙŠ  ğŸ“¯ğŸ“¯   NY187   ğŸ“¯ğŸ“¯ Ù†ÙˆÙ†  ğŸ“¯ğŸ“¯   8QX   ğŸ“¯ğŸ“¯ ÙÙˆØºØ§  https://t.co/78uTXHLgCo",und,[],[],['https://pbs.twimg.com/media/Fdir0InWAAI_ulQ.png'],0,0,0,[],[],https://twitter.com/ThomasM21951934/status/1574196983023210497,False,,1,https://pbs.twimg.com/media/Fdir0InWAAI_ulQ.png,,,,,,,[],,,,
1574196982998089728,1574196982998089728,2022-09-25 20:39:42 Eastern Daylight Time,2022-09-25,20:39:42,-0400,1574196929847754752,adelegerlach,Adele Gerlach,,Ù„Ù„Ø³Ù‚ÙˆØ· ÙÙŠ ÙÙŠ ÙŠÙÙˆÙ… ÙƒÌ·ÙˆÌ·Ø¯Ì¶ Ì¸Ø®Ì·ØµÌ¸Ù…Ì´  â€¢ Ø³Ù€ÙŠÙÙ€Ù€Ø¦  â€¢  â– ADT115 â–   â€¢ ØªÙˆ ÙŠÙˆ â€¢ ØªÙˆÙŠÙˆ â€¢  â–Y2 â–  https://t.co/eQPghaouyO,ar,[],[],['https://pbs.twimg.com/media/Fdir0JDXwAEmtlm.jpg'],0,0,0,[],[],https://twitter.com/AdeleGerlach/status/1574196982998089728,False,,1,https://pbs.twimg.com/media/Fdir0JDXwAEmtlm.jpg,,,,,,,[],,,,
1574196982977073160,1574196982977073160,2022-09-25 20:39:42 Eastern Daylight Time,2022-09-25,20:39:42,-0400,1574196867340148738,breicalvin,Calvin Brei,,Ø£ØªØ­Ø¯Ø« Ø¯Ø¹Ù‡Ù… ğŸ•Š ØºÙ„Ù‘ ïºï»Ÿï»„ïº®ï»•   ÙƒÌ·ÙˆÌ·Ø¯Ì¶ Ì¸Ø®Ì·ØµÌ¸Ù…Ì´   â˜­Ù±Û’Ù‡Û’Ø±Ø¨ÙÙ€  â˜­Ù±Û’Ù€Ù‡Ù€Ø±Ø¨ÙÙ€â˜­  Ø§ÙŠÙ‡Ø±Ø¨  _______________      ğŸ“ğŸ”¹â™¦ï¸â™¦ï¸ KBZ6979 â™¦ï¸â™¦ï¸ğŸ”¹ğŸ“  https://t.co/ej3iCrgVsF,ar,[],[],['https://pbs.twimg.com/media/Fdir0GBWYAEtlvC.png'],0,0,0,[],[],https://twitter.com/BreiCalvin/status/1574196982977073160,False,,1,https://pbs.twimg.com/media/Fdir0GBWYAEtlvC.png,,,,,,,[],,,,
1574196982717026304,1574196982717026304,2022-09-25 20:39:42 Eastern Daylight Time,2022-09-25,20:39:42,-0400,1574196954262667265,mrprestoncampo1,Mr. Preston Campos,,"ÙˆØ§Ù„Ø£Ø¬Ù…Ù„ Ø£Ù† Ù„Ø§ ØªØªØ¹Ø¯Ø§Ù‡Ø§. ÙˆØ¥Ø°Ø§ Ø­ÙØ¯Ø«ÙÙˆÙƒÙ Ø¹ÙÙ† Ø³ÙÙŠØ¦Ø© ÙÙÙ„Ø§Ù†  ÙƒÌ·ÙˆÌ·Ø¯Ì¶ Ì¸Ø®Ì·ØµÌ¸Ù…Ì´   Ù†Ù…Ø´ÙŠ   Ù†ÙˆÙ†   â†’Ø§Í Ù†Í Ø§Ø³Í â˜­-â†’ ÙÙˆØºØ§â˜­ÙÙˆÙ‚Ø§â˜­ÙƒÙ„ÙˆØ³ÙŠØªâ˜­-â†’     , â˜­Ø³ØªØ§Û’Ù„Û’â˜­Ù€ _______________      ğŸ“¯ğŸ“¯   H112   ğŸ“¯ğŸ“¯ Ù†Ù…Ø´ÙŠ  ğŸ“¯ğŸ“¯   NY187   ğŸ“¯ğŸ“¯ Ù†ÙˆÙ†  ğŸ“¯ğŸ“¯   8QX   ğŸ“¯ğŸ“¯ ÙÙˆØºØ§  https://t.co/cMqeBzzxu1",ar,[],[],['https://pbs.twimg.com/media/Fdir0IAWQAohy0C.png'],0,0,0,[],[],https://twitter.com/MrPrestonCampo1/status/1574196982717026304,False,,1,https://pbs.twimg.com/media/Fdir0IAWQAohy0C.png,,,,,,,[],,,,
1574196982696103936,1574196982696103936,2022-09-25 20:39:42 Eastern Daylight Time,2022-09-25,20:39:42,-0400,1574196885555793920,cecilia59469303,Cecilia Allen,,ØªÙŠÙ‚Ù†Øª Ø£Ù†Ù‡ Ø­ØªÙ‰ ØªØ³ØªØ¨Ø·Ù† Ø§Ù„Ø±Ø¤Ù‰Ù° Ø§Ù„Ù…Ø®Ø§Ù„ÙØ© ÙƒÌ·ÙˆÌ·Ø¯Ì¶ Ì¸Ø®Ì·ØµÌ¸Ù…Ì´  Ø§ÙˆÙ„ Ø·Ù„Ø¨ ØªØ§Ù†ÙŠ  Ø·Ù„Ø¨ ØªÙˆØµÙŠÙ„ ÙØ¹Ø§Ù„ Ù‚ÙˆÙŠ â€¢ ØªÙˆ ÙŠÙˆ â€¢ ØªÙˆÙŠÙˆ â€¢ ÙƒÙˆØ¨ÙˆÙ†  â– XXX â–  â– ZZZ â–  â– XXX â–  https://t.co/JTDXJn6NeA,ar,[],[],['https://pbs.twimg.com/media/Fdir0IHXwAAmjmA.png'],0,0,0,[],[],https://twitter.com/Cecilia59469303/status/1574196982696103936,False,,1,https://pbs.twimg.com/media/Fdir0IHXwAAmjmA.png,,,,,,,[],,,,
1574196982633070594,1574196982633070594,2022-09-25 20:39:42 Eastern Daylight Time,2022-09-25,20:39:42,-0400,1574196924210589696,thomasm21951934,Thomas Mclean,,"- ÙØ±Ø§Ù†Ø³ÙˆØ§Ø² Ø³Ø§Ø¬Ø§Ù†  ÙƒÌ·ÙˆÌ·Ø¯Ì¶ Ì¸Ø®Ì·ØµÌ¸Ù…Ì´   Ù†Ù…Ø´ÙŠ   Ù†ÙˆÙ†   â†’Ø§Í Ù†Í Ø§Ø³Í â˜­-â†’ ÙÙˆØºØ§â˜­ÙÙˆÙ‚Ø§â˜­ÙƒÙ„ÙˆØ³ÙŠØªâ˜­-â†’     , â˜­Ø³ØªØ§Û’Ù„Û’â˜­Ù€ _______________      ğŸ“¯ğŸ“¯   H112   ğŸ“¯ğŸ“¯ Ù†Ù…Ø´ÙŠ  ğŸ“¯ğŸ“¯   NY187   ğŸ“¯ğŸ“¯ Ù†ÙˆÙ†  ğŸ“¯ğŸ“¯   8QX   ğŸ“¯ğŸ“¯ ÙÙˆØºØ§  https://t.co/MdJxjPUwQ2",ur,[],[],['https://pbs.twimg.com/media/Fdir0HnXEAEMtdI.png'],0,0,0,[],[],https://twitter.com/ThomasM21951934/status/1574196982633070594,False,,1,https://pbs.twimg.com/media/Fdir0HnXEAEMtdI.png,,,,,,,[],,,,
1574196982578651138,1574196982578651138,2022-09-25 20:39:42 Eastern Daylight Time,2022-09-25,20:39:42,-0400,1574196918275768321,housel_lois,Lois Housel,,"Are both however, we are ÙƒÌ·ÙˆÌ·Ø¯Ì¶ Ì¸Ø®Ì·ØµÌ¸Ù…Ì´   â€¢ ØªÙˆ ÙŠÙˆ â€¢ ØªÙˆÙŠÙˆ â€¢  â– WW â– â– WW â– â– WW â–  https://t.co/qApjDDB2ri",und,[],[],['https://pbs.twimg.com/media/Fdir0HPXgAEBZth.png'],0,0,0,[],[],https://twitter.com/housel_lois/status/1574196982578651138,False,,1,https://pbs.twimg.com/media/Fdir0HPXgAEBZth.png,,,,,,,[],,,,
1574196982570045441,1574196982570045441,2022-09-25 20:39:42 Eastern Daylight Time,2022-09-25,20:39:42,-0400,188376652,railway_fox,é‰„è·¯é‡ç‹@ğŸ’‰ğŸ’‰ğŸ’‰Next ãŠãã‘ã‚‚â†’ã‹ã¿ã‚‚ãµâ†’ã‘ã‚‚ãŒã—ã¾â†’ã‚¢ãƒãƒãƒªãƒ¼â†’JMoF,,è¥¿è¡¨å³¶ã€€æ»‘ã‚Šå°ã§èª¿ã¹ãŸã‚‰å¯æ„›ã„ã®ãŒå‡ºã¦ããŸã€‚ã“ã“ãªã®ã‹ï¼Ÿä½•ãŒèµ·ãã‚‹ã®ã‹ï¼Ÿ  https://t.co/pY3smOxabq,ja,[],[],['https://pbs.twimg.com/media/FdirzzoUYAEsCKH.jpg'],0,0,0,[],[],https://twitter.com/railway_fox/status/1574196982570045441,False,,1,https://pbs.twimg.com/media/FdirzzoUYAEsCKH.jpg,,,,,,,[],,,,
1574196982536704001,1574196982536704001,2022-09-25 20:39:42 Eastern Daylight Time,2022-09-25,20:39:42,-0400,1574196832304963584,roberto73157899,ğŸŒ„Ø¹Ø±ÙˆØ¶ Ø®ØµÙˆÙ…Ø§Ø§Ø§Øª Ø¬Ø¯ÙŠØ¯Ù‡ğŸ¯,,Ø«Ù… Ù†Ø´Ø±ÙÙ‡ Ø¹Ù†Ø¯Ù Ø£Ù‡Ù„Ù‡  ÙƒÌ·ÙˆÌ·Ø¯Ì¶ Ì¸Ø®Ì·ØµÌ¸Ù…Ì´   â˜­Ù±Û’Ù‡Û’Ø±Ø¨ÙÙ€  â˜­Ù±Û’Ù€Ù‡Ù€Ø±Ø¨ÙÙ€â˜­   _______________      ğŸ‡ğŸ‡   HMG2718   ğŸ‡ğŸ‡  https://t.co/P6OLfYd5Hs,ar,[],[],['https://pbs.twimg.com/media/Fdir0HVWAAIdQtC.png'],0,0,0,[],[],https://twitter.com/RobertO73157899/status/1574196982536704001,False,,1,https://pbs.twimg.com/media/Fdir0HVWAAIdQtC.png,,,,,,,[],,,,
1574196982423461889,1574196982423461889,2022-09-25 20:39:42 Eastern Daylight Time,2022-09-25,20:39:42,-0400,1574196951674982403,nancyro01878420,Nancy Robinson,,Ø¥Ø­ØªØ±Ø§Ù…ØŒ ÙŠÙ‚Ø±   ÙƒÌ·ÙˆÌ·Ø¯Ì¶ Ì¸Ø®Ì·ØµÌ¸Ù…Ì´   â˜­Ù±Û’Ù‡Û’Ø±Ø¨ÙÙ€  â˜­Ù±Û’Ù€Ù‡Ù€Ø±Ø¨ÙÙ€â˜­  Ø§ÙŠÙ‡Ø±Ø¨  _______________      ğŸ¹ğŸ”¹â™¦ï¸â™¦ï¸ KBZ6979 â™¦ï¸â™¦ï¸ğŸ”¹ğŸ¹  https://t.co/mrf2rKv9AF,ar,[],[],['https://pbs.twimg.com/media/Fdir0EWWYAAedoH.png'],0,0,0,[],[],https://twitter.com/NancyRo01878420/status/1574196982423461889,False,,1,https://pbs.twimg.com/media/Fdir0EWWYAAedoH.png,,,,,,,[],,,,
1574196982348148736,1574196982348148736,2022-09-25 20:39:42 Eastern Daylight Time,2022-09-25,20:39:42,-0400,2274530208,yuukiaoi_bot,æ‚ æœ¨ç¢§ãƒ•ã‚©ãƒ«ãƒ€é–‹æ”¾bot,,æ‚ æœ¨ç¢§  https://t.co/HFUdFOzmlQ,ja,[],[],['https://pbs.twimg.com/media/BdNNDxKCEAAaQo1.jpg'],0,0,0,[],[],https://twitter.com/yuukiaoi_bot/status/1574196982348148736,False,,1,https://pbs.twimg.com/media/BdNNDxKCEAAaQo1.jpg,,,,,,,[],,,,
1574196982301790208,1574196982301790208,2022-09-25 20:39:42 Eastern Daylight Time,2022-09-25,20:39:42,-0400,3069488083,fakharabbsjaf5,fakhar abbas jaffri,,His opportunity midnight airFlow through the heart. It An empire there isn't Û’â¦Ù†ÙˆÙ†â©- . The only loss    ÙƒÌ·ÙˆÌ·Ø¯Ì¶â© â¦Ì¸Ø®Ì·ØµÌ¸Ù…Ì´â©  .   is the best part  https://t.co/Dcer1bV6AK,en,[],[],['https://pbs.twimg.com/media/Fdir0D5X0AMrMvi.png'],0,0,0,[],[],https://twitter.com/fakharabbsjaf5/status/1574196982301790208,False,,1,https://pbs.twimg.com/media/Fdir0D5X0AMrMvi.png,,,,,,,[],,,,
1574196982297645056,1574196982297645056,2022-09-25 20:39:42 Eastern Daylight Time,2022-09-25,20:39:42,-0400,1574196950336880640,suebarr22842537,ğŸ±Ø®ØµÙˆÙ…Ø§Øª Ù‚ÙˆÙŠÙ‡ Ø¬Ø¯Ø§ ğŸ”„,,Eradicating ignorance through the establishment of information centers.  ÙƒÌ·ÙˆÌ·Ø¯Ì¶ Ì¸Ø®Ì·ØµÌ¸Ù…Ì´   â˜­Ù±Û’Ù‡Û’Ø±Ø¨ÙÙ€  â˜­Ù±Û’Ù€Ù‡Ù€Ø±Ø¨ÙÙ€â˜­   _______________      ğŸ’“ğŸ’“   IFZ3856   ğŸ’“ğŸ’“  https://t.co/JOdfXEErTT,en,[],[],['https://pbs.twimg.com/media/Fdir0D2WQAA-stB.png'],0,0,0,[],[],https://twitter.com/SueBarr22842537/status/1574196982297645056,False,,1,https://pbs.twimg.com/media/Fdir0D2WQAA-stB.png,,,,,,,[],,,,
1574196982146650117,1574196982146650117,2022-09-25 20:39:42 Eastern Daylight Time,2022-09-25,20:39:42,-0400,1574196916107108352,edwardt21122114,ğŸ¨Ø§ÙƒÙˆØ§Ø§Ø§Ø¯ Ø¬Ø¯ÙŠØ¯Ù‡ğŸ¨,,Team spirit promotes greater accomplishment. Better planning guarantees success  ÙƒÌ·ÙˆÌ·Ø¯Ì¶ Ì¸Ø®Ì·ØµÌ¸Ù…Ì´   â˜­Ù±Û’Ù‡Û’Ø±Ø¨ÙÙ€  â˜­Ù±Û’Ù€Ù‡Ù€Ø±Ø¨ÙÙ€â˜­   _______________      ğŸ’“ğŸ’“   IFZ3856   ğŸ’“ğŸ’“  https://t.co/GTkhwEcXt6,en,[],[],['https://pbs.twimg.com/media/Fdir0D2WQAE89OA.png'],0,0,0,[],[],https://twitter.com/EdwardT21122114/status/1574196982146650117,False,,1,https://pbs.twimg.com/media/Fdir0D2WQAE89OA.png,,,,,,,[],,,,
1574196982117122048,1574196982117122048,2022-09-25 20:39:42 Eastern Daylight Time,2022-09-25,20:39:42,-0400,306551230,tigers_tolucky1,èŠ±é‡åˆ‘äº‹ æ„›ç§°ãƒ‡ã‚«ã•ã‚“ ã‚¢ã‚¤ãƒ‰ãƒ«ç³»æŠ•è³‡å±‹ã•ã‚“,,ãƒ“ãƒ¼ãƒãƒƒãƒ—ãŒ  551ã®è“¬è± ã“ã‚Œã‚„ã£ã¨ã‹ãª  https://t.co/jk2H7PxZS7,ja,[],[],['https://pbs.twimg.com/media/Fdir0BbUcAAHX-w.jpg'],0,0,0,[],[],https://twitter.com/tigers_tolucky1/status/1574196982117122048,False,,1,https://pbs.twimg.com/media/Fdir0BbUcAAHX-w.jpg,,,,,,,[],,,,
1574196982091960320,1574196982091960320,2022-09-25 20:39:42 Eastern Daylight Time,2022-09-25,20:39:42,-0400,1333356850855624704,ptgmnendrn,ã‚¨ãƒŠãƒ‰ãƒªãƒ³,,ã„ã„ã­ã‚„RTãã‚Œã‹ã‚‰ãã‚Œã‹ã‚‰ãƒªãƒ— ã‚ã‚ŠãŒã¨ã†ã”ã–ã„ã¾ã™ï¼  https://t.co/vZxcLZmQ87,ja,[],[],['https://pbs.twimg.com/media/Fdirz8pVUAAP3Y7.jpg'],0,0,0,[],[],https://twitter.com/PTGMNENDRN/status/1574196982091960320,False,,1,https://pbs.twimg.com/media/Fdirz8pVUAAP3Y7.jpg,,,,,,,[],,,,
1574196982045876227,1574196982045876227,2022-09-25 20:39:42 Eastern Daylight Time,2022-09-25,20:39:42,-0400,133684052,suntory,SUNTORYï¼ˆã‚µãƒ³ãƒˆãƒªãƒ¼ï¼‰,,@cstyEW8DU8InzbU  ã“ã®åº¦ã¯ #ã‚ªãƒ¼ãƒ«ãƒ•ãƒªãƒ¼ä¼‘è‚éƒ¨ #ç§‹ã®éƒ¨å“¡å‹Ÿé›†ã‚­ãƒ£ãƒ³ãƒšãƒ¼ãƒ³ ã¸ã®ã”å¿œå‹Ÿã‚ã‚ŠãŒã¨ã†ã”ã–ã„ã¾ã™ã€‚  æŠ½é¸ã®çµæœã€æ®‹å¿µãªãŒã‚‰è½é¸ã¨ãªã‚Šã¾ã—ãŸã€‚  æ˜æ—¥ã‹ã‚‰ã¯ã€ä¼‘è‚éƒ¨ã®æ´»å‹•ã‚’ç¶šã‘ã‚‹ã¨ ç¾é‡‘ãŒã‚‚ã‚‰ãˆã‚‹ã‚­ãƒ£ãƒ³ãƒšãƒ¼ãƒ³ãŒã‚¹ã‚¿ãƒ¼ãƒˆï¼ è©³ã—ãã¯ã“ã¡ã‚‰ã‹ã‚‰â™ª  https://t.co/lLmq4yjC2O  https://t.co/cTyytQphAi,ja,[],['https://www.suntory.co.jp/beer/allfree/kyukancp/?utm_source=twitter&utm_medium=reply&utm_campaign=202209200926_afbuin&ts=20220926093942'],['https://pbs.twimg.com/media/FcCiimrXgAIC2qA.jpg'],0,0,0,"['ã‚ªãƒ¼ãƒ«ãƒ•ãƒªãƒ¼ä¼‘è‚éƒ¨', 'ç§‹ã®éƒ¨å“¡å‹Ÿé›†ã‚­ãƒ£ãƒ³ãƒšãƒ¼ãƒ³']",[],https://twitter.com/suntory/status/1574196982045876227,False,,1,https://pbs.twimg.com/media/FcCiimrXgAIC2qA.jpg,,,,,,,[],,,,
1574196981991624704,1574196981991624704,2022-09-25 20:39:42 Eastern Daylight Time,2022-09-25,20:39:42,-0400,1309856555513249793,hafiisna,-rest; I'm tired of mysef,,Laprak and tugas bikin kaget karena banyak syekali ygy ğŸ˜”ğŸ™  https://t.co/YuN349b1MH,in,[],[],['https://pbs.twimg.com/media/Fdirzx-akAAWhJi.jpg'],0,0,0,[],[],https://twitter.com/hafiisna/status/1574196981991624704,False,,1,https://pbs.twimg.com/media/Fdirzx-akAAWhJi.jpg,,,,,,,[],,,,
1574196981991342080,1574196981991342080,2022-09-25 20:39:42 Eastern Daylight Time,2022-09-25,20:39:42,-0400,1574196811169947648,jeremyworthen3,Jeremy Worthen,,"Ø§Ù„ÙˆÙ‚Øª ."" ""Ø£Ø­ÙŠØ§Ù†Ø§Ù‹ ØªÙ…Ø± Ø¹Ù„Ù‰ Ø§Ù„Ø¥Ù†Ø³Ø§Ù† ÙƒÌ·ÙˆÌ·Ø¯Ì¶ Ì¸Ø®Ì·ØµÌ¸Ù…Ì´   â€¢ ØªÙˆ ÙŠÙˆ â€¢ ØªÙˆÙŠÙˆ â€¢  â– WW â– â– WW â– â– WW â–  https://t.co/G3Wy7J3xqg",ar,[],[],['https://pbs.twimg.com/media/Fdir0E1XwAA_rZB.png'],0,0,0,[],[],https://twitter.com/JeremyWorthen3/status/1574196981991342080,False,,1,https://pbs.twimg.com/media/Fdir0E1XwAA_rZB.png,,,,,,,[],,,,
1574196981978767362,1574195921487003648,2022-09-25 20:39:42 Eastern Daylight Time,2022-09-25,20:39:42,-0400,1559771688555913217,oz_the_cap,Oz The Cap,,@Claudiashein @GrupoFirme  https://t.co/1PQgRrOkQu,qme,[],[],['https://pbs.twimg.com/media/Fdir0BZWIAA9081.jpg'],0,0,0,[],[],https://twitter.com/Oz_the_Cap/status/1574196981978767362,False,,1,https://pbs.twimg.com/media/Fdir0BZWIAA9081.jpg,,,,,,,"[{'screen_name': 'Claudiashein', 'name': 'Dra. Claudia Sheinbaum', 'id': '591361197'}]",,,,
1574196981962256385,1574196981962256385,2022-09-25 20:39:42 Eastern Daylight Time,2022-09-25,20:39:42,-0400,1572475621200240640,soemo34845897,soe mo,,æ®ºå®³ã•ã‚ŒãŸäººã®åå‰ã‚‚è·æ¥­ã‚‚ãªã„ã‘ã©ãƒ­ã‚·ã‚¢ã®ã‚¹ãƒ‘ã‚¤ã«æ’ƒãŸã‚ŒãŸï¼Ÿã€€ãã‚Œã¨ã‚‚å¼·ç›—ã«æ’ƒãŸã‚ŒãŸï¼Ÿã€€ãã‚Œã¨ã‚‚äºŒé‡ã‚¹ãƒ‘ã‚¤ï¼Ÿ  https://t.co/zAf6PPUHfx,ja,[],[],"['https://pbs.twimg.com/media/FdirxCpacAE1yHV.png', 'https://pbs.twimg.com/media/FdirxDZaMAAg9to.png']",0,0,0,[],[],https://twitter.com/soemo34845897/status/1574196981962256385,False,https://twitter.com/yakiimo_2022/status/1574164732126593024,1,https://pbs.twimg.com/media/FdirxCpacAE1yHV.png,,,,,,,[],,,,
1574196981957902336,1574020902899023874,2022-09-25 20:39:42 Eastern Daylight Time,2022-09-25,20:39:42,-0400,1110059832726441984,spike09281006,spike,,@WaifuAlert las villanas nunca serÃ¡n sexys... las villanas*  https://t.co/BZvrmgkHqp,es,[],[],"['https://pbs.twimg.com/media/FdirtH9XoAA2oBX.jpg', 'https://pbs.twimg.com/media/FdirtH_XgAcxZmd.jpg', 'https://pbs.twimg.com/media/FdirtJWXoAQGP27.jpg', 'https://pbs.twimg.com/media/FdirtK_WQAEnwK3.jpg']",0,0,0,[],[],https://twitter.com/spike09281006/status/1574196981957902336,False,,1,https://pbs.twimg.com/media/FdirtH9XoAA2oBX.jpg,,,,,,,"[{'screen_name': 'WaifuAlert', 'name': 'Waifu Alert', 'id': '793942473341079554'}]",,,,
1574196981911924736,1574196981911924736,2022-09-25 20:39:42 Eastern Daylight Time,2022-09-25,20:39:42,-0400,4562313614,edsindemann,Edëœ¨ë¬¸,,ã„·ã„·ì´ê°€ ì°ì–´ì¤€ ëª¨2ë˜ ê¸°ë³¸ìº  ê¸°ë³¸ìºëŠ” ìŠ¤í‚¨ì— ë”°ë¼ ëª¨ë¸ë§ ë‹¤ë‹¤ë¦„  https://t.co/MEsjX0AgHy,ko,[],[],['https://pbs.twimg.com/media/Fdirz-aacAA-LP_.jpg'],0,0,0,[],[],https://twitter.com/EdSindemann/status/1574196981911924736,False,,1,https://pbs.twimg.com/media/Fdirz-aacAA-LP_.jpg,,,,,,,[],,,,
1574196981899186181,1479634455044280328,2022-09-25 20:39:42 Eastern Daylight Time,2022-09-25,20:39:42,-0400,45214396,hikuma_sama,Hikuma-sama,,"40. #HaremintheLabyrinthofAnotherWorld Anime aus der Kategorie ""Warum ist das kein Hentai?"". Die Ecchi Szenen haben nicht zur Story beigetragen. HÃ¤tte ein  Isekai sein. Gut begonnen, mit einer durchaus interessanten Welt und einem ausgeklÃ¼gelten RPG System. But Sex sells.  https://t.co/hCKu7jVKz8",de,[],[],['https://pbs.twimg.com/media/FdiqmLEWAAIxQEf.jpg'],0,0,0,['hareminthelabyrinthofanotherworld'],[],https://twitter.com/hikuma_sama/status/1574196981899186181,False,,1,https://pbs.twimg.com/media/FdiqmLEWAAIxQEf.jpg,,,,,,,[],,,,
1574196981869813760,1574196981869813760,2022-09-25 20:39:42 Eastern Daylight Time,2022-09-25,20:39:42,-0400,426232748,lemosjoe,GIJOE,,I won again!  https://t.co/4MD7F9hVOI,en,[],[],['https://pbs.twimg.com/media/Fdirz4DXkAAWzZq.jpg'],0,0,0,[],[],https://twitter.com/LemosJoe/status/1574196981869813760,False,,1,https://pbs.twimg.com/media/Fdirz4DXkAAWzZq.jpg,,,,,,,[],,,,
1574196981828059137,1574196981828059137,2022-09-25 20:39:42 Eastern Daylight Time,2022-09-25,20:39:42,-0400,536666774,joeyjrmanansala,Joey C. Manansala Jr,,"God morning! Kahit papano sumisilip-silip na si Haring Araw! ğŸ™ğŸŒ  Sana po okay tayong lahat. ğŸ™â˜ï¸ Sinubukan man tayo ng bahagya, importante okay tayo, ang ating pamilya, kasamahan, mahal sa buhay. Ingat pa din po tayo. ğŸ™â¤ï¸  Thank you Heavenly Father and Lord Jesus Christ! ğŸ™â˜ï¸  https://t.co/a5WATwBY7e",tl,[],[],['https://pbs.twimg.com/media/FdirzsaaUAIGPWX.jpg'],0,0,0,[],[],https://twitter.com/joeyjrmanansala/status/1574196981828059137,False,,1,https://pbs.twimg.com/media/FdirzsaaUAIGPWX.jpg,,,,,,,[],,,,
1574196981811261440,1574194541460000768,2022-09-25 20:39:42 Eastern Daylight Time,2022-09-25,20:39:42,-0400,1543559751342051328,ksjkiyowo,NdaağŸª freetag,,@sarahpromos @FrancePrimexbt Proof  https://t.co/HEMszl9JHI,en,[],[],['https://pbs.twimg.com/media/FdirzzEakAAGEoh.jpg'],0,0,0,[],[],https://twitter.com/Ksjkiyowo/status/1574196981811261440,False,,1,https://pbs.twimg.com/media/FdirzzEakAAGEoh.jpg,,,,,,,"[{'screen_name': 'sarahpromos', 'name': 'Sarah Crypto ğŸ‘‘', 'id': '300800368'}, {'screen_name': 'FrancePrimexbt', 'name': 'PrimeXBT France', 'id': '1359866696840990720'}]",,,,
1574196981723004928,1574196981723004928,2022-09-25 20:39:42 Eastern Daylight Time,2022-09-25,20:39:42,-0400,4842507334,iamnotmarkov,"Alex da Silva, Phd.",, https://t.co/F0v7PhTOQQ,zxx,[],[],['https://pbs.twimg.com/media/Fdir0AzXEAANLwZ.jpg'],0,0,0,[],[],https://twitter.com/IAmNotMarkov/status/1574196981723004928,False,,1,https://pbs.twimg.com/media/Fdir0AzXEAANLwZ.jpg,,,,,,,[],,,,
1574196981702037505,1574196981702037505,2022-09-25 20:39:42 Eastern Daylight Time,2022-09-25,20:39:42,-0400,1340289913728712705,abdallhhamada13,Abdullah Fayid,,ğŸ–¤ğŸ–¤  https://t.co/ACmYhX3iuc,und,[],[],['https://pbs.twimg.com/media/Fdirz8FXEAQxBkl.jpg'],0,0,0,[],[],https://twitter.com/AbdallhHamada13/status/1574196981702037505,False,,1,https://pbs.twimg.com/media/Fdirz8FXEAQxBkl.jpg,,,,,,,[],,,,
1574196981676748800,1574196981676748800,2022-09-25 20:39:42 Eastern Daylight Time,2022-09-25,20:39:42,-0400,255356869,holyworks,SAW(ã‚½ã‚¦)@MACHINE STUDIO,,å¬‰ã—ã„ãªã‚ã€‚è€³ãŒè‚¥ãˆãŸãƒ—ãƒ¬ã‚¤ãƒ¤ãƒ¼ã«è©•ä¾¡ã•ã‚Œã‚‹ã®ã¯æœ¬å½“ã«åŠ±ã¿ã«ãªã‚Šã¾ã™  https://t.co/r1FRXEjCI9,ja,[],[],['https://pbs.twimg.com/media/FdirzwsUoAERqFx.jpg'],0,0,0,[],[],https://twitter.com/holyworks/status/1574196981676748800,False,,1,https://pbs.twimg.com/media/FdirzwsUoAERqFx.jpg,,,,,,,[],,,,
1574196981639028736,1573989775639470082,2022-09-25 20:39:42 Eastern Daylight Time,2022-09-25,20:39:42,-0400,1339338714716250112,notthisdeath,jenny âœ¨,,making good progress :)  https://t.co/FygIZIEnL3,en,[],[],['https://pbs.twimg.com/media/FdiryVoWIAE07c7.jpg'],0,0,0,[],[],https://twitter.com/notthisdeath/status/1574196981639028736,False,,1,https://pbs.twimg.com/media/FdiryVoWIAE07c7.jpg,,,,,,,[],,,,
1579504286991810561,1579504286991810561,2022-10-10 12:09:02 Eastern Daylight Time,2022-10-10,12:09:02,-0400,372491544,tusnhd,TuSNHD,,Consulte nuestro calendario de COVID-19 para conocer donde puede hacerse la prueba en:  https://t.co/ohHjzcZ0Sy. HÃ¡gase la prueba de COVID-19 si tiene sÃ­ntomas o ha estado en contacto con alguien que tiene COVID19.  https://t.co/P25qby6LLy,es,[],['https://bit.ly/3GhFJho'],['https://pbs.twimg.com/media/FeuGxwnWYAQhIAX.jpg'],0,0,0,[],[],https://twitter.com/TuSNHD/status/1579504286991810561,False,,1,https://pbs.twimg.com/media/FeuGxwnWYAQhIAX.jpg,,,,,,,[],,,,
1579504101511294977,1579504101511294977,2022-10-10 12:08:18 Eastern Daylight Time,2022-10-10,12:08:18,-0400,1577798128094306305,demonoamalillo,DemoÃ±o,,Â¿Alguien nos ha preguntado si queremos que nos bombardeen asÃ­? #Bluetooth #Trampa #Control #Vacuna #COVID19  https://t.co/pYnwSDByDC,es,[],[],['https://pbs.twimg.com/media/FeuGmznWAAAbE2H.jpg'],0,0,0,"['bluetooth', 'trampa', 'control', 'vacuna', 'covid19']",[],https://twitter.com/DemonoAmalillo/status/1579504101511294977,False,,1,https://pbs.twimg.com/media/FeuGmznWAAAbE2H.jpg,,,,,,,[],,,,
1579504061954797568,1579504061954797568,2022-10-10 12:08:08 Eastern Daylight Time,2022-10-10,12:08:08,-0400,1383371520,ciefa_91,â˜ªï¸RiS ğŸœğŸğŸ‡¨ğŸ‡±ğŸŒ,,#COVID19 en Chile (10 de Octubre)  https://t.co/9AnN6o1Pfv,es,[],[],['https://pbs.twimg.com/media/FeuGktdXkAA-A9X.jpg'],0,0,0,['covid19'],[],https://twitter.com/Ciefa_91/status/1579504061954797568,False,,1,https://pbs.twimg.com/media/FeuGktdXkAA-A9X.jpg,,,,,,,[],,,,
1579504033735184385,1579504033735184385,2022-10-10 12:08:02 Eastern Daylight Time,2022-10-10,12:08:02,-0400,372491544,tusnhd,TuSNHD,,The pandemic isn't over. Get tested for COVID-19 if you have symptoms or have been in contact with someone who has #COVID19. Check our COVID-19 calendar for updated #COVID19 testing sites at  https://t.co/ohHjzdg3Uy.  https://t.co/WQ5xuamIve,en,[],['https://bit.ly/3GhFJho'],['https://pbs.twimg.com/media/FeuGjAtWIAE9kPP.jpg'],0,0,0,"['covid19', 'covid19']",[],https://twitter.com/TuSNHD/status/1579504033735184385,False,,1,https://pbs.twimg.com/media/FeuGjAtWIAE9kPP.jpg,,,,,,,[],,,,
1579503934468919296,1579503934468919296,2022-10-10 12:07:38 Eastern Daylight Time,2022-10-10,12:07:38,-0400,4899778210,ricardmourinho,Ricardo Mourinho,,"@EIB Couldnâ€™t think of a better start of my visit to the Caribbean.Â  Today I am in St Lucia ğŸ‡±ğŸ‡¨signing a loan enabling preparedness for pandemics, togetherÂ with Prime MinisterÂ @PhilipJPierreLCÂ to support a sector severely impacted by #COVID19 challenges @EIBglobal #health  https://t.co/5nzFDIYEyI",en,"[{'screen_name': 'philipjpierrelc', 'name': 'philip j. pierre', 'id': '1417943544090828807'}, {'screen_name': 'eibglobal', 'name': 'eib global', 'id': '1469270029090922506'}]",[],"['https://pbs.twimg.com/media/FeuGY2vWAAAZ89A.jpg', 'https://pbs.twimg.com/media/FeuGY2tXkAIZ6z8.jpg', 'https://pbs.twimg.com/media/FeuGY2wWAAQqOoO.jpg']",0,0,0,"['covid19', 'health']",[],https://twitter.com/RicardMourinho/status/1579503934468919296,False,,1,https://pbs.twimg.com/media/FeuGY2vWAAAZ89A.jpg,,,,,,,[],,,,
1579503828944453633,1579503828944453633,2022-10-10 12:07:13 Eastern Daylight Time,2022-10-10,12:07:13,-0400,1492313437761900547,therealaxetruth,Axetruth,,"Never forget this genocidal maniac #DrFauci is responsible for millions of deaths by giving a toxic chemotherapy drug #AZT to asymptomatic ""HIV positive"" people ... THEY GOT AIDS because of the drug #AZT  COVID19 was the HIVscam 2.0  https://t.co/BP9KOPtb1x",en,[],[],['https://pbs.twimg.com/media/FeuGXLpXgAEqF_N.jpg'],0,0,0,"['drfauci', 'azt', 'azt']",[],https://twitter.com/therealAxetruth/status/1579503828944453633,False,,1,https://pbs.twimg.com/media/FeuGXLpXgAEqF_N.jpg,,,,,,,[],,,,
1579503786355146752,1579503786355146752,2022-10-10 12:07:03 Eastern Daylight Time,2022-10-10,12:07:03,-0400,1024330529641037826,blackstonetuto1,BlackStone Tutors,,It won't come as a surprise that COVID-19 is a popular topic for MMIs and panel interviews!   https://t.co/8VF6M0W3AQ   Hit the link above to get an overview of key talking points as well as some ideas on how to address the UK response.   #covid19 #covid  https://t.co/ozmhgz8Dh2,en,[],['https://buff.ly/3mUnmYC'],['https://pbs.twimg.com/media/FeuGUYHXEAE9b_w.jpg'],0,1,1,"['covid19', 'covid']",[],https://twitter.com/BlackStoneTuto1/status/1579503786355146752,False,,1,https://pbs.twimg.com/media/FeuGUYHXEAE9b_w.jpg,,,,,,,[],,,,
1579503780844154880,1579503780844154880,2022-10-10 12:07:01 Eastern Daylight Time,2022-10-10,12:07:01,-0400,115442398,snhdinfo,SN Health District,,The pandemic isn't over. Get tested for COVID-19 if you have symptoms or have been in contact with someone who has #COVID19. Check our COVID-19 calendar for updated #COVID19 testing sites at  https://t.co/crJCmwHJ7E.  https://t.co/UgTFjgXK35,en,[],['https://bit.ly/3GhFJho'],['https://pbs.twimg.com/media/FeuGUTWXwAEO6GP.jpg'],0,1,0,"['covid19', 'covid19']",[],https://twitter.com/SNHDinfo/status/1579503780844154880,False,,1,https://pbs.twimg.com/media/FeuGUTWXwAEO6GP.jpg,,,,,,,[],,,,
1579503746786406400,1579503746786406400,2022-10-10 12:06:53 Eastern Daylight Time,2022-10-10,12:06:53,-0400,1562246125448761346,8forfreedom,ForFreedom(äº’ç²‰å¿…å›ï¼‰,,#P_McculloughMD:   ç›®å‰èˆ‡éŒ¯èª¤æ•˜è¿°ä¿æŒä¸€è‡´çš„çŸ¥åå­¸è¡“ç•Œé†«ç”Ÿå°‡æ¡å–èˆ‡é¦¬çˆ¾éœç‰¹æ‹‰åšå£«ç›¸åŒçš„æ–¹å¼ï¼Œå¾ä¸€å€‹COVID-19ç–«è‹—çš„åƒèˆ‡è€…å’Œæ„›å¥½è€…åˆ°å°ç–«è‹—å¼•èµ·çš„éå¤šå‚·å®³ã€æ®˜ç–¾å’Œæ­»äº¡æ„Ÿåˆ°é©šæã€‚  é¦¬çˆ¾éœç‰¹æ‹‰ç”¨ä»–è‡ªå·±çš„åˆ†æåšåˆ°äº†é€™ä¸€é»ã€‚  #Vaccinecarnage #Covid19 #vaccinedisaster #covidvaccine  #ç–«è‹—å¤§å± æ€  https://t.co/5YVjQzjENG,zh,[],[],"['https://pbs.twimg.com/media/FeuGR4cUAAEKxUU.jpg', 'https://pbs.twimg.com/media/FeuGR4dUYAASWod.jpg']",0,1,0,"['p_mcculloughmd', 'vaccinecarnage', 'covid19', 'vaccinedisaster', 'covidvaccine', 'ç–«è‹—å¤§å± æ€']",[],https://twitter.com/8Forfreedom/status/1579503746786406400,False,,1,https://pbs.twimg.com/media/FeuGR4cUAAEKxUU.jpg,,,,,,,[],,,,
1579503627156475904,1579503627156475904,2022-10-10 12:06:25 Eastern Daylight Time,2022-10-10,12:06:25,-0400,1282872443422441475,rogerda06325885,Mr Rhetoric,,"FACT CHECK fake LAKE said more people died of fentanal than @AZDHS COVID19 DEATHS REPORTED TO @CDCgov 372  deaths v 35,000 or 372 monthly COVID19 deaths  https://t.co/ivPA4Mgzpl",en,"[{'screen_name': 'azdhs', 'name': 'az dept of health', 'id': '16952753'}, {'screen_name': 'cdcgov', 'name': 'cdc', 'id': '146569971'}]",[],['https://pbs.twimg.com/media/FeuGLa4VEAIxwc_.jpg'],0,0,0,[],[],https://twitter.com/RogerDa06325885/status/1579503627156475904,False,,1,https://pbs.twimg.com/media/FeuGLa4VEAIxwc_.jpg,,,,,,,[],,,,
1579503322720980992,1579503322720980992,2022-10-10 12:05:12 Eastern Daylight Time,2022-10-10,12:05:12,-0400,65073830,nychealthsystem,NYC Health + Hospitals,,"Our #TestToTreat program is the nationâ€™s first-of-its-kind in which mobile vans provide immediate #COVID19 treatment. With help from our partners @nychealthy, weâ€™re ensuring New Yorkers have even more access to life-saving treatments. Find a location:  https://t.co/ftr2MEeHga  https://t.co/se2GCk0GoH",en,"[{'screen_name': 'nychealthy', 'name': 'nychealthy', 'id': '17997467'}]",['https://on.nyc.gov/3P5RtIN'],['https://pbs.twimg.com/media/FeuF5o9WAAEixm9.jpg'],0,0,0,"['testtotreat', 'covid19']",[],https://twitter.com/NYCHealthSystem/status/1579503322720980992,False,,1,https://pbs.twimg.com/media/FeuF5o9WAAEixm9.jpg,,,,,,,[],,,,
1579503299157725185,1579503299157725185,2022-10-10 12:05:06 Eastern Daylight Time,2022-10-10,12:05:06,-0400,300857864,pgchealth,Prince George's County Health Dept.,,"Update your protection from bad #COVID19 symptoms, especially as the colder months arrive.  Head to  https://t.co/AxVqVlYvTT or  https://t.co/WgP5q2Dt1I to find a #pharmacy or clinic offering the new #bivalent booster dose (Pfizer 12+, Moderna 18+).  https://t.co/IaA5MmFPX3",en,[],"['http://health.mypgc.us/coronavirus', 'http://vaccines.gov']",['https://pbs.twimg.com/media/FeuF4RqX0AAbiu-.jpg'],0,0,0,"['covid19', 'pharmacy', 'bivalent']",[],https://twitter.com/PGCHealth/status/1579503299157725185,False,,1,https://pbs.twimg.com/media/FeuF4RqX0AAbiu-.jpg,,,,,,,[],,,,
1579503284561117184,1579503284561117184,2022-10-10 12:05:03 Eastern Daylight Time,2022-10-10,12:05:03,-0400,300857864,pgchealth,Prince George's County Health Dept.,,"Visit  https://t.co/WgP5q2Uw3I to find a clinic near you, or make an appointment at one of our clinics at  https://t.co/2Mcwf6rQXa.   #flushot #fluseason #COVID19 #booster #proudtobeprotected  https://t.co/DXWQddTgtA",en,[],"['http://vaccines.gov', 'http://marylandvax.org']",['https://pbs.twimg.com/media/FeuF3XBWQAIqHqw.jpg'],0,0,0,"['flushot', 'fluseason', 'covid19', 'booster', 'proudtobeprotected']",[],https://twitter.com/PGCHealth/status/1579503284561117184,False,,1,https://pbs.twimg.com/media/FeuF3XBWQAIqHqw.jpg,,,,,,,[],,,,
1579503273928986624,1579503273928986624,2022-10-10 12:05:00 Eastern Daylight Time,2022-10-10,12:05:00,-0400,126059206,adolfo_cerqueda,Adolfo Cerqueda Rebollo,,"AsÃ­ iniciÃ³ esta maÃ±ana la vacunaciÃ³n contra #COVID19 para menores de 5 y 6 aÃ±os (1era. dosis) y de 7 y 8 aÃ±os (2da. dosis). Por favor, no dejen de llevar a sus pequeÃ±os conforme al calendario, hasta el viernes 14 de octubre, a cualquiera de nuestras 3 sedes de vacunaciÃ³n.  https://t.co/mnSUtoknpM",es,[],[],"['https://pbs.twimg.com/media/FeuF1VFWIAAIqS0.jpg', 'https://pbs.twimg.com/media/FeuF1VEWAAED3Ot.jpg', 'https://pbs.twimg.com/media/FeuF1VHWIAIXK7n.jpg', 'https://pbs.twimg.com/media/FeuF1VKWAAASPsL.jpg']",0,0,0,['covid19'],[],https://twitter.com/Adolfo_Cerqueda/status/1579503273928986624,False,,1,https://pbs.twimg.com/media/FeuF1VFWIAAIqS0.jpg,,,,,,,[],,,,
1579503240252882945,1579503240252882945,2022-10-10 12:04:52 Eastern Daylight Time,2022-10-10,12:04:52,-0400,1250336027488575493,kruciltogel4d,Krucil4D,,*0480* SAHHHHH! Keluaran Togel Hongkong 10 Oktober 2022 #togelonline #result #agentogelonline #krucil4d #prediksitogel #dirumahaja #stayhome #COVID19  https://t.co/9B12aOBbJo,in,[],[],['https://pbs.twimg.com/media/FeuF0iGaEAAvCid.jpg'],0,0,0,"['togelonline', 'result', 'agentogelonline', 'krucil4d', 'prediksitogel', 'dirumahaja', 'stayhome', 'covid19']",[],https://twitter.com/kruciltogel4d/status/1579503240252882945,False,,1,https://pbs.twimg.com/media/FeuF0iGaEAAvCid.jpg,,,,,,,[],,,,
1579503188377423873,1579503188377423873,2022-10-10 12:04:40 Eastern Daylight Time,2022-10-10,12:04:40,-0400,90263358,fitchsolutions,Fitch Solutions,,"While we anticipate more nasal #vaccines to be approved to vaccinate against #Covid19, intramuscular vaccines will remain the most widely used vaccines for global vaccination programs. Here's why:  https://t.co/4ZPMfUcnyq  #ConnectedThinking #Pharmaceuticals  https://t.co/hrwrhRQ3si",en,[],['http://ow.ly/NNwn50L5EK0'],['https://pbs.twimg.com/media/FeuFx63XEAI2OB2.jpg'],0,0,0,"['vaccines', 'covid19', 'connectedthinking', 'pharmaceuticals']",[],https://twitter.com/FitchSolutions/status/1579503188377423873,False,,1,https://pbs.twimg.com/media/FeuFx63XEAI2OB2.jpg,,,,,,,[],,,,
1579503179229990912,1579503179229990912,2022-10-10 12:04:38 Eastern Daylight Time,2022-10-10,12:04:38,-0400,42883599,fnainsurance,FNA,,"According to the National Institutes of Health, about 1 in 4 American adults each year suffer from a mental disorder. The COVID19 pandemic has only added to the mental stress people face. Therefore, we must address the mental health stigma and spread awareness. #MentalHealthDay  https://t.co/SHfU20qqxo",en,[],[],['https://pbs.twimg.com/media/FeuFxX7XgAI3LCw.jpg'],0,0,0,['mentalhealthday'],[],https://twitter.com/fnainsurance/status/1579503179229990912,False,,1,https://pbs.twimg.com/media/FeuFxX7XgAI3LCw.jpg,,,,,,,[],,,,
1579503014846423040,1579503014846423040,2022-10-10 12:03:59 Eastern Daylight Time,2022-10-10,12:03:59,-0400,394893974,tsaprairie,SalvationArmyPrairie,,"On #WorldMentalHealthDay, we recognize the impact #COVID19 has had on Canadians, especially those experiencing homelessness and hardship. The Salvation Army continues to be a place of refuge and a beacon of hope for society's most vulnerable.  https://t.co/bl33bmN4Ez",en,[],[],['https://pbs.twimg.com/media/FeuFnxbX0AEN45L.jpg'],0,0,0,"['worldmentalhealthday', 'covid19']",[],https://twitter.com/TSAPrairie/status/1579503014846423040,False,,1,https://pbs.twimg.com/media/FeuFnxbX0AEN45L.jpg,,,,,,,[],,,,
1579502981745364992,1579502981745364992,2022-10-10 12:03:51 Eastern Daylight Time,2022-10-10,12:03:51,-0400,164012593,tsaedmonton,The Salvation Army - Edmonton,,"On #WorldMentalHealthDay, we recognize the impact #COVID19 has had on Canadians, especially those  experiencing homelessness and hardship. The Salvation Army continues to be a place of refuge and a beacon of hope for society's most vulnerable in Alberta.  https://t.co/690kcU9nML",en,[],[],['https://pbs.twimg.com/media/FeuFl1BXEAE5sNf.jpg'],0,0,0,"['worldmentalhealthday', 'covid19']",[],https://twitter.com/tsaedmonton/status/1579502981745364992,False,,1,https://pbs.twimg.com/media/FeuFl1BXEAE5sNf.jpg,,,,,,,[],,,,
1579502957779116032,1579502957779116032,2022-10-10 12:03:45 Eastern Daylight Time,2022-10-10,12:03:45,-0400,163873304,vegesoft,vegesoft,,"Apoyamos a tu PYME a implementar una Red que permita a tus empleados trabajar desde su casa, tal vez por razones de salud u otros motivos. TelÃ©fono o WhatsApp: +51 993 955 825 Web:  https://t.co/GhIrdzbGvB #vpn #openvpn #network #pyme #remote #COVID19 publicidad: 36691  https://t.co/zJKUE8b83i",es,[],['http://www.vegesoft.io'],['https://pbs.twimg.com/media/FeuFjwDXwAEB0l8.png'],0,0,0,"['vpn', 'openvpn', 'network', 'pyme', 'remote', 'covid19']",[],https://twitter.com/vegesoft/status/1579502957779116032,False,,1,https://pbs.twimg.com/media/FeuFjwDXwAEB0l8.png,,,,,,,[],,,,
1579502950028038145,1579502950028038145,2022-10-10 12:03:43 Eastern Daylight Time,2022-10-10,12:03:43,-0400,1318361780,anderspink,Anders Pink,,"Case study: How Enterprise Ireland keeps their clients up to date on Brexit, COVID-19 and much more, with less effort through automated curation in their platform with Anders Pink  https://t.co/MsMVlTKjLj #contentcuration #covid19 #automation #ai #brexit  https://t.co/4WxnsxaXat",en,[],['https://buff.ly/2LZnfMm'],['https://pbs.twimg.com/media/FeuFj_9WQAAduyd.jpg'],0,0,0,"['contentcuration', 'covid19', 'automation', 'ai', 'brexit']",[],https://twitter.com/AndersPink/status/1579502950028038145,False,,1,https://pbs.twimg.com/media/FeuFj_9WQAAduyd.jpg,,,,,,,[],,,,
1579502905287069696,1579502905287069696,2022-10-10 12:03:33 Eastern Daylight Time,2022-10-10,12:03:33,-0400,2314087860,cpho_canada,Dr. Theresa Tam,,"Get the latest info and updates on #COVID19 on the  https://t.co/yXjxcUfEVm #coronavirus disease website, including links to the current situation &amp; trends; public health info &amp; what to do if you feel sick; vaccines &amp; travel, etc.  https://t.co/IZt05Czxot  https://t.co/RYHU6sobAh",en,[],"['http://Canada.ca', 'http://ow.ly/phv950BI9D0']",['https://pbs.twimg.com/media/FeuFhcYXoAE4mWQ.jpg'],5,1,5,"['covid19', 'coronavirus']",[],https://twitter.com/CPHO_Canada/status/1579502905287069696,False,,1,https://pbs.twimg.com/media/FeuFhcYXoAE4mWQ.jpg,,,,,,,[],,,,
1579502904326529024,1579502904326529024,2022-10-10 12:03:32 Eastern Daylight Time,2022-10-10,12:03:32,-0400,2314113792,acsp_canada,Dre Theresa Tam,,"Consultez le site Web  https://t.co/nQSdj5GA71 pour les plus rÃ©centes infos et mises Ã  jour sur la #COVID19, dont la situation actuelle et les tendances, les infos de santÃ© publique, ce quâ€™il faut faire si vous Ãªtes malade, les vaccins, les voyages, etc.  https://t.co/JLvlMLBbzE  https://t.co/k6FkBrkMrd",fr,[],"['http://ow.ly/LhsP50KZYV0', 'http://ow.ly/V8sM50KZYUZ']",['https://pbs.twimg.com/media/FeuFhYrX0AAZkY6.png'],0,0,0,['covid19'],[],https://twitter.com/ACSP_Canada/status/1579502904326529024,False,,1,https://pbs.twimg.com/media/FeuFhYrX0AAZkY6.png,,,,,,,[],,,,
1579502884814999552,1579502884814999552,2022-10-10 12:03:28 Eastern Daylight Time,2022-10-10,12:03:28,-0400,1562246125448761346,8forfreedom,ForFreedom(äº’ç²‰å¿…å›ï¼‰,,#newsmax:  åœ¨COVID-19å¤§æµè¡ŒæœŸé–“ï¼ŒAnthony Fauciåšå£«çš„æ·¨è³‡ç”¢å¢åŠ äº†500è¬ç¾å…ƒã€‚ç´ç´„äººå°é€™äº›å•“ç¤ºç™¼è¡¨äº†çœ‹æ³•ã€‚Newsmaxçš„è¨˜è€…é‚å…‹-å¡ç‰¹å ±é“ã€‚   https://t.co/hXIeyeW2ol  #fauci #Vaccinecarnage #Covid19 #vaccinedisaster #covidvaccine  #ç–«è‹—å¤§å± æ€ #ç–«è‹—ç¾éš¾ #æ–°å† ç–«è‹— #ä¸­å…±ç—…æ¯’  https://t.co/9GXf4Vvhtp,zh,[],['https://gettr.com/post/p1t5a9aace5'],"['https://pbs.twimg.com/media/FeuFfwxVIAAUPzH.jpg', 'https://pbs.twimg.com/media/FeuFfwxUoAEMQez.jpg']",0,0,0,"['newsmax', 'fauci', 'vaccinecarnage', 'covid19', 'vaccinedisaster', 'covidvaccine', 'ç–«è‹—å¤§å± æ€', 'ç–«è‹—ç¾éš¾', 'æ–°å† ç–«è‹—', 'ä¸­å…±ç—…æ¯’']",[],https://twitter.com/8Forfreedom/status/1579502884814999552,False,,1,https://pbs.twimg.com/media/FeuFfwxVIAAUPzH.jpg,,,,,,,[],,,,
1579502852136837121,1579502852136837121,2022-10-10 12:03:20 Eastern Daylight Time,2022-10-10,12:03:20,-0400,3055753509,peaceincsyr,PEACE INC.,,"#CommunityAction Agencies provide debt reduction, financial empowerment, and other services to help families mitigate utility debt burden related to the #COVID19 pandemic.  #CommunityActionResponds #EnergyAwarenessMonth #PEACEIncSyr  https://t.co/7Bkg0bUabT",en,[],[],['https://pbs.twimg.com/media/FeuFeVZXkAIcoND.png'],0,0,0,"['communityaction', 'covid19', 'communityactionresponds', 'energyawarenessmonth', 'peaceincsyr']",[],https://twitter.com/PeaceIncSyr/status/1579502852136837121,False,,1,https://pbs.twimg.com/media/FeuFeVZXkAIcoND.png,,,,,,,[],,,,
1579502664307859456,1579502664307859456,2022-10-10 12:02:35 Eastern Daylight Time,2022-10-10,12:02:35,-0400,102798847,noticiasrnn,Noticias RNN,,.@SaludPublicaRD notificÃ³ este lunes 48 nuevos contagios del COVID-19 en las Ãºltimas 24 horas.   https://t.co/DK2VsmQ6fU  #NoticiasRNN #RNNSalud #Coronavirus #COVID19  https://t.co/84OEhe4IEh,es,"[{'screen_name': 'saludpublicard', 'name': 'salud pÃºblica rd', 'id': '362697550'}]",['https://rnn.com.do/salud-publica-notifica-48-contagios-de-covid-19-en-ultimas-24-horas/'],['https://pbs.twimg.com/media/FeuFJ0nXwAAKPHD.jpg'],0,0,0,"['noticiasrnn', 'rnnsalud', 'coronavirus', 'covid19']",[],https://twitter.com/NoticiasRNN/status/1579502664307859456,False,,1,https://pbs.twimg.com/media/FeuFJ0nXwAAKPHD.jpg,,,,,,,[],,,,
1579502585052266497,1579502585052266497,2022-10-10 12:02:16 Eastern Daylight Time,2022-10-10,12:02:16,-0400,965879968721981440,healthminmp,"DIRECTORATE OF HEALTH SERVICES, MP",,COVID19 :   à¤¨à¥‹à¤µà¤² à¤•à¥‹à¤°à¥‹à¤¨à¤¾ à¤µà¤¾à¤¯à¤°à¤¸ à¤à¤µà¤‚ à¤•à¥‹à¤µà¤¿à¤¡ à¤Ÿà¥€à¤•à¤¾à¤•à¤°à¤£   ğŸ—“ï¸ 10 à¤…à¤•à¥à¤Ÿà¥‚à¤¬à¤° 2022  ğŸ•• à¤¶à¤¾à¤® 6 à¤¬à¤œà¥‡ à¤¤à¤• à¤…à¤¦à¥à¤¯à¤¤à¤¨  #MPVaccinationMahaAbhiyan #JansamparkMP  https://t.co/x58hcM6duV,hi,[],[],"['https://pbs.twimg.com/media/FeuFMxOVsAE28QQ.jpg', 'https://pbs.twimg.com/media/FeuFNoxUcAEZ8uk.jpg', 'https://pbs.twimg.com/media/FeuFOQxVsAA3ERz.jpg']",0,0,1,"['mpvaccinationmahaabhiyan', 'jansamparkmp']",[],https://twitter.com/healthminmp/status/1579502585052266497,False,,1,https://pbs.twimg.com/media/FeuFMxOVsAE28QQ.jpg,,,,,,,[],,,,
1579502534997471233,1579502534997471233,2022-10-10 12:02:04 Eastern Daylight Time,2022-10-10,12:02:04,-0400,1423059197470576641,jeyson_auza,Jeyson Auza,,"Hoy, #lunes desde #Cobija   Reporte epidemiolÃ³gicoğŸ‡§ğŸ‡´ Semana 40  #Covid19   â€¢ Casos: 376 casos. La menor cantidad registrada en Bolivia desde abril de 2020. Estamos en la dÃ©cima semana consecutiva de descensos en el paÃ­s.  â€¢ Decesos: 0. En esta semana no se presentaron muertes.  https://t.co/YrJTCqGQ7G",es,[],[],"['https://pbs.twimg.com/media/FeuFK9cXgAAdmLH.jpg', 'https://pbs.twimg.com/media/FeuFLvvWYAgzyEp.jpg']",1,0,0,"['lunes', 'cobija', 'covid19']",[],https://twitter.com/jeyson_auza/status/1579502534997471233,False,,1,https://pbs.twimg.com/media/FeuFK9cXgAAdmLH.jpg,,,,,,,[],,,,
1579502485445627904,1579502485445627904,2022-10-10 12:01:52 Eastern Daylight Time,2022-10-10,12:01:52,-0400,117793973,_dchealth,DC Health,,"#ICYMI - iHealth home #COVID19 test kits have been granted a six-month extension from the printed expiration date from the FDA. For example, if the expiration date printed on your test kit box reads 2022-08, the updated expiration date is 2023-02. Go to:  https://t.co/CEO570Z48e  https://t.co/tCrUvtLetg",en,[],['http://ihealthlabs.com/pages/news#expiration'],['https://pbs.twimg.com/media/FeuFI7ZXEAAHggw.jpg'],0,2,0,"['icymi', 'covid19']",[],https://twitter.com/_DCHealth/status/1579502485445627904,False,,1,https://pbs.twimg.com/media/FeuFI7ZXEAAHggw.jpg,,,,,,,[],,,,
1579502222613696512,1579502222613696512,2022-10-10 12:00:50 Eastern Daylight Time,2022-10-10,12:00:50,-0400,606508957,greenecoph,GC Public Health,,Press release: Greene County Drops to Low Level in the CDC Community COVID-19 Levels Framework. See our website:  https://t.co/jG46XI59GA #COVID19 #GCPH  https://t.co/GNbSxhANIo,en,[],['https://www.gcph.info/announcements?action=show&id=2065'],['https://pbs.twimg.com/media/FeuE5rqXgAAvVYl.jpg'],0,0,0,"['covid19', 'gcph']",[],https://twitter.com/GreeneCoPH/status/1579502222613696512,False,,1,https://pbs.twimg.com/media/FeuE5rqXgAAvVYl.jpg,,,,,,,[],,,,
1579502134105473026,1579502134105473026,2022-10-10 12:00:29 Eastern Daylight Time,2022-10-10,12:00:29,-0400,42884405,blogsicilia,Blog Sicilia,,"#notizie #sicilia Covid19, in Sicilia aumentano i ricoverati e quasi mille guariti, il tasso di positivitÃ  cala -  https://t.co/ohLSi4nbfd  https://t.co/ecqWRJzs8t",it,[],['https://www.blogsicilia.it/palermo/covid19-in-sicilia-aumentano-i-ricoverati-e-quasi-mille-guariti-il-tasso-di-positivita-cala/786234/'],['https://pbs.twimg.com/media/FeuE0gUXgAAXZ7N.jpg'],0,1,1,"['notizie', 'sicilia']",[],https://twitter.com/blogsicilia/status/1579502134105473026,False,,1,https://pbs.twimg.com/media/FeuE0gUXgAAXZ7N.jpg,,,,,,,[],,,,
1579502119177965569,1579502119177965569,2022-10-10 12:00:25 Eastern Daylight Time,2022-10-10,12:00:25,-0400,1321101045083316246,covid_nl,ğŸ‡³ğŸ‡± Covid Analytics NL,,ğŸ’©ğŸ§» Choropleth week over week percentage change  wastewater RNA flow per capita on a municipal level.  #COVID19 #COVID19NL  https://t.co/0PhEoRRjih,en,[],[],['https://pbs.twimg.com/media/FeuEzX3XkAAiVtE.jpg'],0,0,0,"['covid19', 'covid19nl']",[],https://twitter.com/covid_nl/status/1579502119177965569,False,,1,https://pbs.twimg.com/media/FeuEzX3XkAAiVtE.jpg,,,,,,,[],,,,
1579502116145545217,1579502116145545217,2022-10-10 12:00:24 Eastern Daylight Time,2022-10-10,12:00:24,-0400,1321101045083316246,covid_nl,ğŸ‡³ğŸ‡± Covid Analytics NL,,ğŸš½ğŸª   Choropleth wastewater SARS-CoV-2 RNA flow per capita on a municipal level.  #COVID19 #COVID19NL  https://t.co/Q4koSPKNWD,en,[],[],['https://pbs.twimg.com/media/FeuEzIpXgAA8s_W.jpg'],0,0,0,"['covid19', 'covid19nl']",[],https://twitter.com/covid_nl/status/1579502116145545217,False,,1,https://pbs.twimg.com/media/FeuEzIpXgAA8s_W.jpg,,,,,,,[],,,,
1579502032565587968,1579502032565587968,2022-10-10 12:00:04 Eastern Daylight Time,2022-10-10,12:00:04,-0400,125735875,theaesc,AESC,,How are you encouraging conversations to de-stigmatize mental health in the workplace? #WorldMentalHealthDay #mentalhealth #COVID19 #employeewellness  https://t.co/A1Ohy3XUf1,en,[],[],['https://pbs.twimg.com/media/FeuEukXX0AIFULw.jpg'],0,0,0,"['worldmentalhealthday', 'mentalhealth', 'covid19', 'employeewellness']",[],https://twitter.com/TheAESC/status/1579502032565587968,False,,1,https://pbs.twimg.com/media/FeuEukXX0AIFULw.jpg,,,,,,,[],,,,
1579502020909596673,1579502020909596673,2022-10-10 12:00:02 Eastern Daylight Time,2022-10-10,12:00:02,-0400,1300740060829159427,ger_service,Your career in Germany | deutschland.de,,"ğŸ’» The world of work is undergoing a transformation, fuelled by the #Covid19 pandemic &amp; digitalisation.  â° Flexible working time models &amp; #WorkingFromHome are therefore becoming increasingly important.  Find out about the changes: ğŸ‘‰  https://t.co/hnSnFVK0tN  #FactsAboutGermany  https://t.co/IAlpKxD4Wd",en,[],['http://spkl.io/60144nT7E'],['https://pbs.twimg.com/media/FeuEtz4XgAUBTgl.png'],0,1,2,"['covid19', 'workingfromhome', 'factsaboutgermany']",[],https://twitter.com/ger_service/status/1579502020909596673,False,,1,https://pbs.twimg.com/media/FeuEtz4XgAUBTgl.png,,,,,,,[],,,,
1579502020897038336,1579502020897038336,2022-10-10 12:00:02 Eastern Daylight Time,2022-10-10,12:00:02,-0400,21082756,en_germany,All about Germany | deutschland.de,,"ğŸ’» The world of work is undergoing a transformation, fuelled by the #Covid19 pandemic &amp; digitalisation.  â° Flexible working time models &amp; #WorkingFromHome are therefore becoming increasingly important.  Find out about the changes: ğŸ‘‰  https://t.co/PwnDYK4w87  #FactsAboutGermany  https://t.co/JwUG2jipVs",en,[],['http://spkl.io/60104nT7K'],['https://pbs.twimg.com/media/FeuEt0BWAAEZrvw.png'],0,0,0,"['covid19', 'workingfromhome', 'factsaboutgermany']",[],https://twitter.com/en_germany/status/1579502020897038336,False,,1,https://pbs.twimg.com/media/FeuEt0BWAAEZrvw.png,,,,,,,[],,,,
1579502020838404100,1579502020838404100,2022-10-10 12:00:02 Eastern Daylight Time,2022-10-10,12:00:02,-0400,1517559486352748544,imss_s_l_p,IMSS SLP,,"A travÃ©s de la plataforma #CLIMSS puedes realizar cursos gratuitos sobre #COVID19, salud mental y vacunaciÃ³n, entre otros. Â¡InscrÃ­bete!  https://t.co/QZzC6OtMkX",es,[],[],['https://pbs.twimg.com/media/FeUD6L9UcAEOC2k.jpg'],0,0,0,"['climss', 'covid19']",[],https://twitter.com/IMSS_S_L_P/status/1579502020838404100,False,,1,https://pbs.twimg.com/media/FeUD6L9UcAEOC2k.jpg,,,,,,,[],,,,
1579502020767404032,1579502020767404032,2022-10-10 12:00:02 Eastern Daylight Time,2022-10-10,12:00:02,-0400,92955419,de_deutschland,Deutschland.de,,"ğŸ’» Die Arbeitswelt unterliegt einem Wandel, der durch die #COVID19 Pandemie und die #Digitalisierung angeheizt wird.  â° Flexible Arbeitszeiten und #Homeoffice sind daher immer wichtiger.  Informiere dich hier Ã¼ber die VerÃ¤nderungen. ğŸ‘‰  https://t.co/wnoO2S4B7I  #FactsAboutGermany  https://t.co/GAqCyHtjFa",de,[],['http://spkl.io/60184nT7r'],['https://pbs.twimg.com/media/FeuEtztWYAEa-pi.png'],0,0,0,"['covid19', 'digitalisierung', 'homeoffice', 'factsaboutgermany']",[],https://twitter.com/de_deutschland/status/1579502020767404032,False,,1,https://pbs.twimg.com/media/FeuEtztWYAEa-pi.png,,,,,,,[],,,,
1579502017948418049,1579502017948418049,2022-10-10 12:00:01 Eastern Daylight Time,2022-10-10,12:00:01,-0400,1277632595040272385,infodemiamex,InfodemiaMx,,âŒ#Falso que en Francia eliminaron las constancias de vacunaciÃ³n contra COVID-19  âœ”ï¸En #Francia las bases de datos de vacunaciÃ³n contra #COVID19 de toda la poblaciÃ³n estÃ¡n disponibles para su consulta desde el inicio de la campaÃ±a de 2020  ğŸ‘‰Desmentido:  https://t.co/OG96O17OCj  https://t.co/MeYQkggUnJ,es,[],['https://infodemia.mx/entrada/2450'],"['https://pbs.twimg.com/media/FeqNC9vWYAIrHaR.jpg', 'https://pbs.twimg.com/media/FeqNDLWWYAAa5ZU.jpg']",0,2,3,"['falso', 'francia', 'covid19']",[],https://twitter.com/infodemiaMex/status/1579502017948418049,False,,1,https://pbs.twimg.com/media/FeqNC9vWYAIrHaR.jpg,,,,,,,[],,,,
1579502017852104705,1579502017852104705,2022-10-10 12:00:01 Eastern Daylight Time,2022-10-10,12:00:01,-0400,1372374656,tribunapalencia,Tribuna Palencia,,ğŸ“² #Covid19 La aplicaciÃ³n 'Radar COVID' cesa su actividad con apenas 124.555 contagios detectados   https://t.co/t4vmQX5dy7  https://t.co/EwTGyBYgyR,es,[],['https://bit.ly/3VhqSMU'],['https://pbs.twimg.com/media/FetFzATXgAUn0We.jpg'],0,0,0,['covid19'],[],https://twitter.com/tribunapalencia/status/1579502017852104705,False,,1,https://pbs.twimg.com/media/FetFzATXgAUn0We.jpg,,,,,,,[],,,,
1579502015415140352,1579502015415140352,2022-10-10 12:00:00 Eastern Daylight Time,2022-10-10,12:00:00,-0400,1356017136192380928,estefanycorreag,Estefany Correa,,Esta semana continÃºa la vacunaciÃ³n contra #COVID19 para mayores de edad en la Ciudad de MÃ©xico.  Acude a una de las 274 unidades de salud disponibles:  https://t.co/P3tFf3m7SM  #BienestarCDMX  https://t.co/xwvuUlK6wO,es,[],['https://bit.ly/3EsOKan'],"['https://pbs.twimg.com/media/Fet8OmAXEAEJqOU.jpg', 'https://pbs.twimg.com/media/Fet8QibXwAAp_wD.jpg']",0,1,0,"['covid19', 'bienestarcdmx']",[],https://twitter.com/EstefanyCorreaG/status/1579502015415140352,False,,1,https://pbs.twimg.com/media/Fet8OmAXEAEJqOU.jpg,,,,,,,[],,,,
1579502015368990722,1579502015368990722,2022-10-10 12:00:00 Eastern Daylight Time,2022-10-10,12:00:00,-0400,1517559486352748544,imss_s_l_p,IMSS SLP,,"A travÃ©s de la plataforma #CLIMSS puedes realizar cursos gratuitos sobre #COVID19, salud mental y vacunaciÃ³n, entre otros. Â¡InscrÃ­bete!  https://t.co/VLFArVWb8m",es,[],[],['https://pbs.twimg.com/media/Fbfsdh5UUAA8yoM.jpg'],0,0,0,"['climss', 'covid19']",[],https://twitter.com/IMSS_S_L_P/status/1579502015368990722,False,,1,https://pbs.twimg.com/media/Fbfsdh5UUAA8yoM.jpg,,,,,,,[],,,,
1579501963754213378,1579501963754213378,2022-10-10 11:59:48 Eastern Daylight Time,2022-10-10,11:59:48,-0400,1555997290074148866,apostoswiety,Piotr ApostoÅ‚,,"Ojciec BORISA JOHNSONA, STANLEY, W 1982 ROKU napisaÅ‚ powieÅ›Ä‡ â€WIRUSâ€ jest to o rzÄ…dzie wypuszczajacym Å›miertelny wirus na ludzkoÅ›Ä‡ jako przykrycie kontroli ludzkosci poprzez wymuszonÄ… obowiÄ…zkowÄ… szczepionkÄ™. Åšwiat klaunÃ³w nawet i tu, wszystko wiedzieli.  â€¼ï¸ğŸ‘‡ğŸ‘‡ğŸ‘‡ #Covid19  https://t.co/I9JjA5kHRY",pl,[],[],['https://pbs.twimg.com/media/FeuEqClXEAA8-Dy.jpg'],0,0,0,['covid19'],[],https://twitter.com/ApostoSwiety/status/1579501963754213378,False,,1,https://pbs.twimg.com/media/FeuEqClXEAA8-Dy.jpg,,,,,,,[],,,,
1579501821630251009,1579501821630251009,2022-10-10 11:59:14 Eastern Daylight Time,2022-10-10,11:59:14,-0400,1109593688936775680,ccirrosis,Capitan Covid19,, https://t.co/YrV0AW6uvR,zxx,[],[],['https://pbs.twimg.com/media/FeuEh91WYAIjOj6.jpg'],0,0,0,[],[],https://twitter.com/CCirrosis/status/1579501821630251009,False,https://twitter.com/sergiorocaa/status/1579155248135868416,1,https://pbs.twimg.com/media/FeuEh91WYAIjOj6.jpg,,,,,,,[],,,,
1579501714524495872,1579501714524495872,2022-10-10 11:58:49 Eastern Daylight Time,2022-10-10,11:58:49,-0400,429842803,nhs_cityhackney,NHS North East London (City and Hackney),,Winter is comingâ€“ protect yourself with the free flu vaccine and #Covid19 booster. You donâ€™t need to be registered with a GP or have an NHS number to get a vaccine.  Find out more and how to book â¡  https://t.co/RUemQbnZIb  https://t.co/CIMtl46zBd,en,[],['https://www.northeastlondon.icb.nhs.uk/wintervaccinations'],['https://pbs.twimg.com/media/FeuEbUAXEAAx47-.jpg'],0,0,0,['covid19'],[],https://twitter.com/NHS_CityHackney/status/1579501714524495872,False,,1,https://pbs.twimg.com/media/FeuEbUAXEAAx47-.jpg,,,,,,,[],,,,
1579501523075141632,1579501523075141632,2022-10-10 11:58:03 Eastern Daylight Time,2022-10-10,11:58:03,-0400,29816986,maricopahealth,Maricopa County Public Health,,"Totally free #COVID19 vaccine events for you and your family today and tomorrow! Get your updated booster before the holidays are here.  Oct. 10:  â–¶ï¸ 10am-2pm: Avondale Library, 11350 Civic Center Dr  Oct 11:  â–¶ï¸ 2-6pm: Dysart Community Center, El Mirage   https://t.co/3FkxvGJ8AD  https://t.co/2B3WgfHQ7a",en,[],['http://maricopa.gov/COVID19VaccineLocations'],"['https://pbs.twimg.com/media/FeuEQjHXgAEjFMt.jpg', 'https://pbs.twimg.com/media/FeuEQr-XkAAIwjE.jpg']",0,3,4,['covid19'],[],https://twitter.com/Maricopahealth/status/1579501523075141632,False,,1,https://pbs.twimg.com/media/FeuEQjHXgAEjFMt.jpg,,,,,,,[],,,,
1579501501839704065,1579501501839704065,2022-10-10 11:57:58 Eastern Daylight Time,2022-10-10,11:57:58,-0400,892891205830422528,moneybolivia,Money Bolivia,,El ministro de Salud destacÃ³ el comportamiento del Covid-19 en la semana epidemiolÃ³gica 40. Los casos positivos se redujeron en un 19 por ciento.  https://t.co/oezI0VTzOI  #Money #Bolivia #Covid19  https://t.co/kCfXycaE20,es,[],['https://www.money.com.bo/covid-19/bolivia-registra-la-semana-con-menor-cantidad-de-contagios-en-toda-la-pandemia-y-sin-ningun-deceso-por-covid/'],['https://pbs.twimg.com/media/FeuENAZXgAAouhs.png'],0,0,0,"['money', 'bolivia', 'covid19']",[],https://twitter.com/MoneyBolivia/status/1579501501839704065,False,,1,https://pbs.twimg.com/media/FeuENAZXgAAouhs.png,,,,,,,[],,,,
1579501471422636032,1579501471422636032,2022-10-10 11:57:51 Eastern Daylight Time,2022-10-10,11:57:51,-0400,1633121016,marillion13,Marion Friedl #StandWithUkraine #Boostered #LGBTIQ,,"Da meine Mom am 14.01.21 im Altersheim an #COVID19 verstorben ist und da ich a) 5 #Autoimmunkrankheiten habe und b) kein #Covidiot bin, werde ich am Freitag um 11.15 Uhr beim #Hausarzt meinen 2. #Booster kriegen.  Trotzdem: #DieMaskeBleibtAuf. ğŸ˜·ğŸ˜·ğŸ˜·ğŸ’‰ğŸ’‰ğŸ’‰  https://t.co/CxBj8w8ssC  https://t.co/Fb4JsA1JDJ",de,[],['https://www.baden-wuerttemberg.de/de/service/presse/pressemitteilung/pid/impfungen-mit-angepasstem-impfstoff-starten-in-baden-wuerttemberg/'],['https://pbs.twimg.com/media/FeuELuIXgAATvtG.png'],0,1,2,"['covid19', 'autoimmunkrankheiten', 'covidiot', 'hausarzt', 'booster', 'diemaskebleibtauf']",[],https://twitter.com/marillion13/status/1579501471422636032,False,,1,https://pbs.twimg.com/media/FeuELuIXgAATvtG.png,,,,,,,[],,,,
1579501319744024581,1579501319744024581,2022-10-10 11:57:14 Eastern Daylight Time,2022-10-10,11:57:14,-0400,16428091,amscherer,Aaron Scherer,,"New @JAMANetworkOpen pub w/@andy_g_levy &amp; a great group of collaborators  (IBNLT @angiefagerlin @AThorpe_ @ldscherer @JorieMichaela @Vanessa_S91)  ""Misrepresentation and Nonadherence Regarding #COVID19 Public Health Measures""  https://t.co/1uY1MGxVTH   via @JAMANetwork  https://t.co/aJVnttpOiQ",en,"[{'screen_name': 'jamanetworkopen', 'name': 'jama network open', 'id': '850455051965431808'}, {'screen_name': 'andy_g_levy', 'name': 'andy gurmankin levy, phd, mbe', 'id': '823722033376849920'}, {'screen_name': 'angiefagerlin', 'name': 'angie fagerlin', 'id': '21546748'}, {'screen_name': 'athorpe_', 'name': 'alistair', 'id': '1090020672'}, {'screen_name': 'ldscherer', 'name': 'dr. laura scherer', 'id': '2793013837'}, {'screen_name': 'joriemichaela', 'name': 'jorie butler', 'id': '259517465'}, {'screen_name': 'vanessa_s91', 'name': 'vanessa stevens, phd', 'id': '1007415193'}, {'screen_name': 'jamanetwork', 'name': 'jama network', 'id': '404920570'}]",['https://ja.ma/3MoePJI'],['https://pbs.twimg.com/media/Fet74gXXEAAZK3P.png'],0,0,1,['covid19'],[],https://twitter.com/amscherer/status/1579501319744024581,False,,1,https://pbs.twimg.com/media/Fet74gXXEAAZK3P.png,,,,,,,[],,,,
1579501156409421835,1579501156409421835,2022-10-10 11:56:36 Eastern Daylight Time,2022-10-10,11:56:36,-0400,1299250539033575424,iceuchennaidiv1,AIIEAchennai1,,#COVID19TN Covid positive cases on 8.10.2022- TN 366 Individuals Tested 12248 TPR in TN 2.98%. TPR yesterday 3.11%. Testing down. Fatalities 1. Follow appropriate covid behavior to avoid infections. #COVID19 #coronaupdates #CovidVaccines  https://t.co/GVlRLRlqfe,en,[],[],['https://pbs.twimg.com/media/FeuD7kBVIAAc-Q-.jpg'],0,1,0,"['covid19tn', 'covid19', 'coronaupdates', 'covidvaccines']",[],https://twitter.com/iceuchennaidiv1/status/1579501156409421835,False,,1,https://pbs.twimg.com/media/FeuD7kBVIAAc-Q-.jpg,,,,,,,[],,,,
1579500920542744576,1579500920542744576,2022-10-10 11:55:39 Eastern Daylight Time,2022-10-10,11:55:39,-0400,2207087880,ek_hrvatska,EK Hrvatska,,"Danas je #WorldMentalHealthDay!   ğŸ’¬ â€Pandemija bolesti #COVID19, ruska invazija na Ukrajinu, energetska kriza i zabrinutost zbog gospodarskih poteÅ¡koÄ‡a: svi ti dogaÄ‘aji utjeÄu na naÅ¡e mentalno zdravlje."" #HealthUnion  Izjava povjerenice ğŸ‡ªğŸ‡º @SKyriakidesEU:  https://t.co/HA6j0b2IxV  https://t.co/uvopxh4827",und,"[{'screen_name': 'skyriakideseu', 'name': 'stella kyriakides', 'id': '2476130260'}]",['https://europa.eu/!cvNvGc'],['https://pbs.twimg.com/media/FeuCYLCWQAwXL2C.jpg'],0,0,0,"['worldmentalhealthday', 'covid19', 'healthunion']",[],https://twitter.com/EK_Hrvatska/status/1579500920542744576,False,,1,https://pbs.twimg.com/media/FeuCYLCWQAwXL2C.jpg,,,,,,,[],,,,
1579500824304443392,1579500824304443392,2022-10-10 11:55:16 Eastern Daylight Time,2022-10-10,11:55:16,-0400,38161191,jatinpaul,Jatin Anand,,".#CoronaVirusUpdate #CoronavirusPandemic 67 new #COVID cases, 62 recoveries, ZERO deaths, 2,160 tests, ADDITION of 5 active cases. As of Oct 10, the total no. of #COVID19 cases in #Delhi is 20,04,187 with 19,77,292 recoveries, 26,505 deaths and 390 active cases  https://t.co/h4rt6Zlcu5",en,[],[],"['https://pbs.twimg.com/media/FeuDn4eUUAA6nfA.jpg', 'https://pbs.twimg.com/media/FeuDn6MUYAAxv-0.jpg']",0,3,3,"['coronavirusupdate', 'coronaviruspandemic', 'covid', 'covid19', 'delhi']",[],https://twitter.com/JatinPaul/status/1579500824304443392,False,,1,https://pbs.twimg.com/media/FeuDn4eUUAA6nfA.jpg,,,,,,,[],,,,
1579500616388575233,1579500616388575233,2022-10-10 11:54:27 Eastern Daylight Time,2022-10-10,11:54:27,-0400,1112559098799624192,covid19_2020_4,ã“ã³ã£ã©19ğŸ°,,é¡”ã»ã¼åŒã˜ğŸ˜Šã€€ ã‚¸ãƒ£ã‚¤ã‚¢ãƒ³ãƒ„å¯®ç„¡å„Ÿã§åƒã‘ã‚‹  https://t.co/sxKjnma0ec,ja,[],[],['https://pbs.twimg.com/media/FeuCKdCaMAAT8Cl.jpg'],0,0,0,[],[],https://twitter.com/COVID19_2020_4/status/1579500616388575233,False,,1,https://pbs.twimg.com/media/FeuCKdCaMAAT8Cl.jpg,,,,,,,[],,,,
1579500547916566537,1579500547916566537,2022-10-10 11:54:10 Eastern Daylight Time,2022-10-10,11:54:10,-0400,1299250539033575424,iceuchennaidiv1,AIIEAchennai1,,#COVID19TN Covid positive cases on 9.10.2022- TN 342 Individuals Tested 12183 TPR in TN 2.80%. TPR yesterday 2.98%. Testing down. Fatalities 0. Follow appropriate covid behavior to avoid infections. #COVID19 #coronaupdates #CovidVaccines  https://t.co/fbLSau0AeT,en,[],[],['https://pbs.twimg.com/media/FeuDYH8UUAEmEqU.jpg'],0,1,0,"['covid19tn', 'covid19', 'coronaupdates', 'covidvaccines']",[],https://twitter.com/iceuchennaidiv1/status/1579500547916566537,False,,1,https://pbs.twimg.com/media/FeuDYH8UUAEmEqU.jpg,,,,,,,[],,,,
1579500503024603136,1579500503024603136,2022-10-10 11:54:00 Eastern Daylight Time,2022-10-10,11:54:00,-0400,1305551761386729472,gbluisrosalesm,GB Luis Adolfo Rosales Molina ğŸ‡»ğŸ‡ª,,"ğŸ‡»ğŸ‡ªğŸ˜· #10Oct || Desde la FANB te Invitamos acudir a los centros de vacunaciÃ³n ğŸ’‰ mÃ¡s cercanos, para recibir la dosis de la inmunizaciÃ³n contra la #Covid19.   Â¡La prevenciÃ³n es la clave!  #CEOFANB .@PrensaFANB .@PrensaCmdteGral  https://t.co/2Mzw4TvQ7x",es,"[{'screen_name': 'prensafanb', 'name': 'prensa fanb', 'id': '502000393'}, {'screen_name': 'prensacmdtegral', 'name': 'prensacmdtegral #gnb', 'id': '1407488358620741634'}]",[],['https://pbs.twimg.com/media/FdQObWiWYAEO80x.jpg'],0,4,2,"['10oct', 'covid19', 'ceofanb']",[],https://twitter.com/GBLuisRosalesM/status/1579500503024603136,False,,1,https://pbs.twimg.com/media/FdQObWiWYAEO80x.jpg,,,,,,,[],,,,
1579500390173011970,1579500390173011970,2022-10-10 11:53:33 Eastern Daylight Time,2022-10-10,11:53:33,-0400,1513670754809921543,vacunas_lac,ğŸ’‰VacunasParaLaGente,,"#Brazil diz SIM Ã  isenÃ§Ã£o de direitos de propriedade intelectual para medicamentos e testes diagnÃ³sticos #COVID19  Carlos Alberto Franco FranÃ§a, Chanceler das RelaÃ§Ãµes Exteriores @govitamaraty pedimos que vocÃª ratifique - sem alteraÃ§Ãµes - o Acordo #WTO    https://t.co/V8oBhnloLF  https://t.co/NAQ7zPSXob",pt,"[{'screen_name': 'govitamaraty', 'name': 'govitamaraty', 'id': '1542216204005376002'}]",['https://vacunasparalagente.org/2022/10/08/asunto-apoyo-a-la-ampliacion-de-la-decision-ministerial-de-la-omc-sobre-el-acuerdo-sobre-los-adpic-a-los-medicamentos-y-a-las-pruebas-de-covid-19/'],['https://pbs.twimg.com/media/FeuB3htWQAEJyS4.jpg'],0,1,0,"['brazil', 'covid19', 'wto']",[],https://twitter.com/Vacunas_LAC/status/1579500390173011970,False,,1,https://pbs.twimg.com/media/FeuB3htWQAEJyS4.jpg,,,,,,,[],,,,
1579500111088193536,1579500111088193536,2022-10-10 11:52:26 Eastern Daylight Time,2022-10-10,11:52:26,-0400,123164025,retodiariomx,RETO diario,,#ReporteCovid19 ğŸ˜· 35 infectados con #COVID19 es el saldo registrado en #Puebla ğŸ§«ğŸ§ª Te invitamos a conocer mÃ¡s detalles aquÃ­  https://t.co/ObSdpYx8jS  #FelizLunes #Salud #SaludMental #COVID @SaludGobPue @PromoSaludPue @Gob_Puebla  https://t.co/GVw5gAEw9N,es,"[{'screen_name': 'saludgobpue', 'name': 'secretarÃ­a de salud', 'id': '1156760998482731008'}, {'screen_name': 'promosaludpue', 'name': 'promociÃ³n a la salud puebla', 'id': '1413645232315539458'}, {'screen_name': 'gob_puebla', 'name': 'gobierno de puebla', 'id': '1156730217043386369'}]",['https://retodiario.com/'],['https://pbs.twimg.com/media/FeuC-rUXEAUqEtS.jpg'],0,0,0,"['reportecovid19', 'covid19', 'puebla', 'felizlunes', 'salud', 'saludmental', 'covid']",[],https://twitter.com/retodiariomx/status/1579500111088193536,False,,1,https://pbs.twimg.com/media/FeuC-rUXEAUqEtS.jpg,,,,,,,[],,,,
1579500056184750082,1579500056184750082,2022-10-10 11:52:13 Eastern Daylight Time,2022-10-10,11:52:13,-0400,1098537742349320193,deppcppeguengl,Deputados do PCP no PE,,"ğŸ“£Dia Mundial da SaÃºde MentalğŸ§   Ã‰ importante que se promova a SaÃºde Mental e que se sensibilize a populaÃ§Ã£o para o tema. Nestes Ãºltimos meses, o confinamento a que estivemos sujeitos, devido Ã  epidemia de Covid19, ğŸ§¶1/2  #PCP #diamundialdasaudemental #SaudeMentalParaTodos  https://t.co/oSOwVkja2j",pt,[],[],['https://pbs.twimg.com/media/FeuC0cpWQAUS_GG.png'],1,1,1,"['pcp', 'diamundialdasaudemental', 'saudementalparatodos']",[],https://twitter.com/deppcppeguengl/status/1579500056184750082,False,,1,https://pbs.twimg.com/media/FeuC0cpWQAUS_GG.png,,,,,,,[],,,,
1579500051310989312,1579488185985675266,2022-10-10 11:52:12 Eastern Daylight Time,2022-10-10,11:52:12,-0400,1353726557735559168,michael07576745,Ultra MAGA Rex Trailer,,@POTUS You didn't add a single manufacturing job. You just back filled jobs that you decimated during the Covid19 lockdowns.  https://t.co/jBSmodHFL0,en,[],[],['https://pbs.twimg.com/media/FeuC6v5WYAAu9xC.jpg'],0,0,3,[],[],https://twitter.com/Michael07576745/status/1579500051310989312,False,,1,https://pbs.twimg.com/media/FeuC6v5WYAAu9xC.jpg,,,,,,,"[{'screen_name': 'POTUS', 'name': 'President Biden', 'id': '1349149096909668363'}]",,,,
1579500017659760640,1579500017659760640,2022-10-10 11:52:04 Eastern Daylight Time,2022-10-10,11:52:04,-0400,1471982637514477575,achccovid,AllClear Healthcare,,"We're busting another #COVID19 #vaccine myth!ğŸ’¡   #Vaccines and #boosters help your body by stimulating the #immune system to produce antibodies, which is exactly what happens after you get sick. ğŸ§ª   Find out more about our #management #solutions ğŸ‘‰ğŸ¼  https://t.co/vjSp3Akq3w  https://t.co/nD5DaJNRHt",en,[],['http://allclearhealthcare.com/#'],['https://pbs.twimg.com/media/FeuC5SuXoAAZvy7.png'],0,0,0,"['covid19', 'vaccine', 'vaccines', 'boosters', 'immune', 'management', 'solutions']",[],https://twitter.com/ACHCCOVID/status/1579500017659760640,False,,1,https://pbs.twimg.com/media/FeuC5SuXoAAZvy7.png,,,,,,,[],,,,
1579499870054121472,1579499870054121472,2022-10-10 11:51:29 Eastern Daylight Time,2022-10-10,11:51:29,-0400,1556092424639975425,pro1manu,Jose Manuel,,#BalanceCOVID 14 nuevos casos de COVID19 detectados en las Ãºltimas 24 horas por las autoridades sanitarias venezolanas.  #FuerzaPuebloLasTejerÃ­as  https://t.co/PDfr3Tfxsh,es,[],[],['https://pbs.twimg.com/media/FeuCwwXXkAAEBch.jpg'],0,2,0,"['balancecovid', 'fuerzapueblolastejerÃ­as']",[],https://twitter.com/Pro1Manu/status/1579499870054121472,False,,1,https://pbs.twimg.com/media/FeuCwwXXkAAEBch.jpg,,,,,,,[],,,,
1579499754517827585,1579499754517827585,2022-10-10 11:51:01 Eastern Daylight Time,2022-10-10,11:51:01,-0400,1427542946304438276,joanne_autumn,Joanne Autumn,,"Non vaccinÃ©e, je ne me ferai pas vacciner contre covid. Un vaccin ne rend pas immortel. Depuis mai 2020 je porte le masque dans les lieux publics et les transports en commun. Aucun symptÃ´me de covid depuis novembre 2019 pour ma part. #COVID19  https://t.co/J8ASxRjvRT",fr,[],[],['https://pbs.twimg.com/media/FeuB9idXEAQ2nM3.png'],0,0,0,['covid19'],[],https://twitter.com/joanne_autumn/status/1579499754517827585,False,,1,https://pbs.twimg.com/media/FeuB9idXEAQ2nM3.png,,,,,,,[],,,,
1579499732690698245,1579499732690698245,2022-10-10 11:50:56 Eastern Daylight Time,2022-10-10,11:50:56,-0400,1369784714358308868,annalyst_,Anna.Lyst ğŸ˜· 4xğŸ’‰ ğŸŒˆ ğŸ––,,"Die heutigen #COVID19-Fallzahlen des RKI (2022-10-10), Inzidenzâ“  ğŸ‘‰ Werte durch 100% Meldeverweigerung auf heute wenig brauchbar !!ğŸ”¥  #COVIDisAirborne #WirWerdenLaut #SchuetztdieKinder #TeamWissenschaft #KinderdurchseuchungStoppen #ProtectTheKids #DieMaskeBleibtAuf #twlz ğŸ˜·  https://t.co/sd13jy3KS3",de,[],[],['https://pbs.twimg.com/media/FeuCQf2WIAY85Iy.png'],1,1,0,"['covid19', 'covidisairborne', 'wirwerdenlaut', 'schuetztdiekinder', 'teamwissenschaft', 'kinderdurchseuchungstoppen', 'protectthekids', 'diemaskebleibtauf', 'twlz']",[],https://twitter.com/AnnaLyst_/status/1579499732690698245,False,,1,https://pbs.twimg.com/media/FeuCQf2WIAY85Iy.png,,,,,,,[],,,,
1579499532345552898,1579499532345552898,2022-10-10 11:50:08 Eastern Daylight Time,2022-10-10,11:50:08,-0400,1430856480845189122,12_laboratorio,Laboratorio CriminalÃ­stico NRO 12,,"#PREVENCIÃ“NğŸ˜·| ContinÃºa con todas las medidas de bioseguridad, con ello evitas el contagio y la propagaciÃ³n de la #COVID19   Â¡Mantengamos la guardia en alto!  #FuerzaPuebloLasTejerÃ­as  https://t.co/l88bXPy8tZ",es,[],[],['https://pbs.twimg.com/media/FeuCdFMXEAAEFYm.jpg'],0,1,1,"['prevenciÃ³n', 'covid19', 'fuerzapueblolastejerÃ­as']",[],https://twitter.com/12_laboratorio/status/1579499532345552898,False,,1,https://pbs.twimg.com/media/FeuCdFMXEAAEFYm.jpg,,,,,,,[],,,,
1579499525114249216,1579499525114249216,2022-10-10 11:50:07 Eastern Daylight Time,2022-10-10,11:50:07,-0400,2170068744,ceobakshi,Harsh Bakshi,,Fight Corona VR  https://t.co/nph73vjjIM Available 3.  #ue4 #UnrealEngine #indiedev #gamer #IndieGameDev #indiegames #CHVR #COVID19 #coronavirus  #VirtualReality #gamedev #gamers #HTCVive #Oculus #Steam #Sales #PCGaming #PC #pcgamer #follow...  https://t.co/r8CdQA532P,en,[],['https://viveport.com/5e1030e7-a22d-4703-bc61-0b9392675357'],['https://pbs.twimg.com/media/FeuCck-aMAMyuG_.png'],0,5,4,"['ue4', 'unrealengine', 'indiedev', 'gamer', 'indiegamedev', 'indiegames', 'chvr', 'covid19', 'coronavirus', 'virtualreality', 'gamedev', 'gamers', 'htcvive', 'oculus', 'steam', 'sales', 'pcgaming', 'pc', 'pcgamer', 'follow']",[],https://twitter.com/ceobakshi/status/1579499525114249216,False,,1,https://pbs.twimg.com/media/FeuCck-aMAMyuG_.png,,,,,,,[],,,,
1579499443728314368,1579499443728314368,2022-10-10 11:49:47 Eastern Daylight Time,2022-10-10,11:49:47,-0400,1258737005904760833,covid19_kenya,COVID19 Kenya Bot,,"ğŸŒ Worldwide COVID19 Statistics Confirmed Cases: 626,781,489 (+116,960) Recovered: 606,524,614 Deaths: 6,561,461 (+419)  ğŸ‡°ğŸ‡ª  Kenya COVID19 Statistics: Confirmed Cases: 338,499 (+0) Recovered: 332,810 Deaths: 5,678 (+0) Total Tests: 3,895,354 #KomeshaCorona #covid_19Ke #covid19  https://t.co/vl58cIrXJK",en,[],[],['https://pbs.twimg.com/media/FeuCX73XEAc77qc.jpg'],0,0,0,"['komeshacorona', 'covid_19ke', 'covid19']",[],https://twitter.com/covid19_kenya/status/1579499443728314368,False,,1,https://pbs.twimg.com/media/FeuCX73XEAc77qc.jpg,,,,,,,[],,,,
1579499442113490945,1579399433594499073,2022-10-10 11:49:47 Eastern Daylight Time,2022-10-10,11:49:47,-0400,1560657298686484483,johanna_iur_1,Johanna,,"@OpaKoebi @BAG_OFSP_UFSP Haben Sie eine ErklÃ¤rung, warum es in Deutschland ğŸ‡©ğŸ‡ª pro 100k Einwohner trotz viel strengeren Massnahmen mehr COVID19-TodesfÃ¤lle gibt als in der Schweiz ğŸ‡¨ğŸ‡­?  https://t.co/WMOabT8HBf",de,[],[],['https://pbs.twimg.com/media/FeuCRvlXEAIBo1V.jpg'],0,0,2,[],[],https://twitter.com/johanna_iur_1/status/1579499442113490945,False,,1,https://pbs.twimg.com/media/FeuCRvlXEAIBo1V.jpg,,,,,,,"[{'screen_name': 'OpaKoebi', 'name': 'Opa KÃ¶bi', 'id': '1327926462645727232'}, {'screen_name': 'BAG_OFSP_UFSP', 'name': 'BAG â€“ OFSP â€“ UFSP', 'id': '326650532'}]",,,,
1579499315525218305,1579499315525218305,2022-10-10 11:49:17 Eastern Daylight Time,2022-10-10,11:49:17,-0400,943577824220327936,mcarpio75,Miguel Angel Carpio,,Seminario MAP de octubre 2022. PerÃº fue uno de los paÃ­ses con las medidas de confinamiento #COVID19  mÃ¡s estrictas. Â¿CuÃ¡nto acentuaron la desigualdad de gÃ©nero en el mercado laboral? Giannina Vaccaro (FNS) responderÃ¡ esta pregunta el lunes 17 de octubre a las 12 (hora Lima). 1/2  https://t.co/vI6QIFkQRA,es,[],[],['https://pbs.twimg.com/media/FeuA9PHX0AA5Ti9.jpg'],1,2,5,['covid19'],[],https://twitter.com/mcarpio75/status/1579499315525218305,False,,1,https://pbs.twimg.com/media/FeuA9PHX0AA5Ti9.jpg,,,,,,,[],,,,
1579499171253321728,1579499171253321728,2022-10-10 11:48:42 Eastern Daylight Time,2022-10-10,11:48:42,-0400,1156062626096529408,pointcleaning,On Point Cleaning and Moving,,Professional cleaning at its finest! Keep your home or business clean and germ free! We service the entire country! ğŸ‡ºğŸ‡¸   https://t.co/OypjTt3f31 ğŸ¯  #homeowner #luxuryrealestate #covid19 #businessowner #hgtv #realtor #realestateservices #commercialrealtor #landlord #professional  https://t.co/qgFzmJRt99,en,[],['http://onpointcleaningandmoving.com'],['https://pbs.twimg.com/media/FeuCIGLXoAMWZY8.jpg'],0,0,0,"['homeowner', 'luxuryrealestate', 'covid19', 'businessowner', 'hgtv', 'realtor', 'realestateservices', 'commercialrealtor', 'landlord', 'professional']",[],https://twitter.com/PointCleaning/status/1579499171253321728,False,,1,https://pbs.twimg.com/media/FeuCIGLXoAMWZY8.jpg,,,,,,,[],,,,
1579498894639390720,1579498894639390720,2022-10-10 11:47:36 Eastern Daylight Time,2022-10-10,11:47:36,-0400,582262732,puntoporpuntotv,PuntoPorPuntoTV,,@SSM_Morelos y @MorelosSalud  continÃºan con el mÃ³dulo de pruebas antigÃ©nicas para la detecciÃ³n de #COVID19   El mÃ³dulo estarÃ¡ el los siguientes puntos: â€¢ Tejalpa â€¢ Tetecala â€¢ Jojutla â€¢ Jonacatepec â€¢ Tepalcingo  â€¢ PeÃ±a Flores  https://t.co/C9Jdsyqmcq,es,"[{'screen_name': 'morelossalud', 'name': 'servicios de salud morelos', 'id': '1048267129315684352'}]",[],['https://pbs.twimg.com/media/FeuB36-UYAAmTAR.jpg'],0,1,0,['covid19'],[],https://twitter.com/PuntoPorPuntoTV/status/1579498894639390720,False,,1,https://pbs.twimg.com/media/FeuB36-UYAAmTAR.jpg,,,,,,,[],,,,
1579498840008556551,1579498840008556551,2022-10-10 11:47:23 Eastern Daylight Time,2022-10-10,11:47:23,-0400,1310567571968659456,idair_geneva,I-DAIR,,"""The Global Research Map can show us where the available data, researchers, and partners are worldwide. It will help build global capacities for #MentalHealth digital research in the post-#COVID19 era.""  - Dr. Agnes Kiragga, Head Data Science Program @aphrc  https://t.co/kX9NTTEnyV",en,"[{'screen_name': 'aphrc', 'name': 'aphrc', 'id': '102018028'}]",[],['https://pbs.twimg.com/media/FeuBqJMXkAA8OW7.jpg'],0,1,0,"['mentalhealth', 'covid19']",[],https://twitter.com/IDAIR_Geneva/status/1579498840008556551,False,,1,https://pbs.twimg.com/media/FeuBqJMXkAA8OW7.jpg,,,,,,,[],,,,
1579498683636514819,1579498683636514819,2022-10-10 11:46:46 Eastern Daylight Time,2022-10-10,11:46:46,-0400,3062507033,jorgeapena18,Jorge Alejandro Pena,,"At last week's Virus Bulletin conference, our threat researchers presented their #COVID19-related findings collected over the past three years. Click the link above to access the full report.   @threatinsight  #socialengineering #pandemic #APT #malware  https://t.co/seMChlqao7  https://t.co/oHUaRyMSuf",en,"[{'screen_name': 'threatinsight', 'name': 'threat insight', 'id': '1683827598'}]",['https://bit.ly/3CMtACK'],['https://pbs.twimg.com/media/FeuBrssXEAAKVmh.jpg'],0,1,0,"['covid19', 'socialengineering', 'pandemic', 'apt', 'malware']",[],https://twitter.com/jorgeapena18/status/1579498683636514819,False,,1,https://pbs.twimg.com/media/FeuBrssXEAAKVmh.jpg,,,,,,,[],,,,
1579498254689271808,1579498254689271808,2022-10-10 11:45:04 Eastern Daylight Time,2022-10-10,11:45:04,-0400,17635001,mssdidi,MssDidi,,#Download My Kill #Coronavirus On Contact #Recipes #coronaviruschallenge #COVID19  https://t.co/J1E1uA948L  https://t.co/1sCJcPUhZf,en,[],['http://bit.ly/1PDNews'],['https://pbs.twimg.com/media/FeuBSs3XkAEF_ET.jpg'],0,0,0,"['download', 'coronavirus', 'recipes', 'coronaviruschallenge', 'covid19']",[],https://twitter.com/MssDidi/status/1579498254689271808,False,,1,https://pbs.twimg.com/media/FeuBSs3XkAEF_ET.jpg,,,,,,,[],,,,
1579498238666743809,1579498238666743809,2022-10-10 11:45:00 Eastern Daylight Time,2022-10-10,11:45:00,-0400,830100187414663173,sarenvzla,Registros y NotarÃ­as,,"El tapabocas es necesario para protegerse frente al #COVID19, no se puede reutilizar y debe cubrir la boca, nariz y mentÃ³n de manera correcta.     #10Oct  #FuerzaPuebloLasTejerÃ­as  https://t.co/zCjta3YFYf",es,[],[],['https://pbs.twimg.com/media/FetVZ92XkAAI3za.png'],0,0,0,"['covid19', '10oct', 'fuerzapueblolastejerÃ­as']",[],https://twitter.com/SarenVzla/status/1579498238666743809,False,,1,https://pbs.twimg.com/media/FetVZ92XkAAI3za.png,,,,,,,[],,,,
1579498080776650753,1579498080776650753,2022-10-10 11:44:22 Eastern Daylight Time,2022-10-10,11:44:22,-0400,1299250539033575424,iceuchennaidiv1,AIIEAchennai1,,#COVID19TN Covid positive cases on 7.10.2022- TN 387 Individuals Tested 12413 TPR in TN 3.11%. TPR yesterday 3.14%. Testing down. Fatalities 0. Follow appropriate covid behavior to avoid infections. #COVID19 #coronaupdates #CovidVaccines  https://t.co/bHlNOHZkkL,en,[],[],['https://pbs.twimg.com/media/FeuBIjfVEAAubef.jpg'],0,1,0,"['covid19tn', 'covid19', 'coronaupdates', 'covidvaccines']",[],https://twitter.com/iceuchennaidiv1/status/1579498080776650753,False,,1,https://pbs.twimg.com/media/FeuBIjfVEAAubef.jpg,,,,,,,[],,,,
1579497976850186240,1579497976850186240,2022-10-10 11:43:57 Eastern Daylight Time,2022-10-10,11:43:57,-0400,1344424632103956482,alanzak6,Alan Zak,,"Aww, c'mon everybody! Let them be FREE. ğŸ˜  #GOPTraitors #COVIDIOTS #COVID19  https://t.co/lSsQPDFYZh",en,[],[],['https://pbs.twimg.com/media/FeuBBYkX0AMmBdJ.jpg'],0,0,0,"['goptraitors', 'covidiots', 'covid19']",[],https://twitter.com/AlanZak6/status/1579497976850186240,False,https://twitter.com/mfstern/status/1579472059805339648,1,https://pbs.twimg.com/media/FeuBBYkX0AMmBdJ.jpg,,,,,,,[],,,,
1579497894671179784,1579497894671179784,2022-10-10 11:43:38 Eastern Daylight Time,2022-10-10,11:43:38,-0400,1651989012,garrett_geoff,Geoffrey Garrett,,"Amid all the dire economic news, some real good news re #supplychains: after 2 terrible #COVID19 years, #Transportation capacity is up and #prices are down  https://t.co/naw89G1QSx",en,[],[],['https://pbs.twimg.com/media/FeuA9UMUYAA3kHb.jpg'],0,0,2,"['supplychains', 'covid19', 'transportation', 'prices']",[],https://twitter.com/garrett_geoff/status/1579497894671179784,False,,1,https://pbs.twimg.com/media/FeuA9UMUYAA3kHb.jpg,,,,,,,[],,,,
1579497843987210240,1579497843987210240,2022-10-10 11:43:26 Eastern Daylight Time,2022-10-10,11:43:26,-0400,304384994,ddiatwsu,MI-DDI at Wayne State University,,"Get your #COVID19 #booster at @lifewaysmi on tomorrow, October 11! No appointment necessary and services are free, offered by @wayne_health and Michigan Vaccination Partners. ğŸ’‰  Time: 10AM-2PM Location: LifeWays West Parking Lot (1200 North West Ave, Jackson, MI)  https://t.co/HHFpFI7Nol",en,"[{'screen_name': 'lifewaysmi', 'name': 'lifeways', 'id': '131278940'}, {'screen_name': 'wayne_health', 'name': 'wayne health', 'id': '319261870'}]",[],['https://pbs.twimg.com/media/FeuA5hwUUAEWLAc.jpg'],0,0,0,"['covid19', 'booster']",[],https://twitter.com/DDIatWSU/status/1579497843987210240,False,,1,https://pbs.twimg.com/media/FeuA5hwUUAEWLAc.jpg,,,,,,,[],,,,
1579497837586702336,1579497837586702336,2022-10-10 11:43:24 Eastern Daylight Time,2022-10-10,11:43:24,-0400,786048754357010432,sweetnsalty77,Sweet n Salty,,Thanks @fordnation â€¦ why is this not covered anymore? Pretty sure many ppl need it after #COVID19   #fordfailedontario is going to privatize our healthcare and ruin it for those who canâ€™t afford it. Only the rich will get decent healthcare.  https://t.co/9QVGuntrwG,en,"[{'screen_name': 'fordnation', 'name': 'doug ford', 'id': '2809959174'}]",[],['https://pbs.twimg.com/media/FeuA6UaWQAEm5qs.jpg'],1,2,2,"['covid19', 'fordfailedontario']",[],https://twitter.com/SweetNSalty77/status/1579497837586702336,False,,1,https://pbs.twimg.com/media/FeuA6UaWQAEm5qs.jpg,,,,,,,[],,,,
1579497744087277569,1579497744087277569,2022-10-10 11:43:02 Eastern Daylight Time,2022-10-10,11:43:02,-0400,1443698557022883842,e_avversi,eVenti Avversi,,Muore 14 enne dopo giorni di febbre e vomito. Positiva al Covid era vaccinata con tre dosi    https://t.co/stiDxB325H  #COVID19 #vaccini #VaccineDeaths #PfizerGate #terzadose #14anni #OspedalePerrino #EventiAvversi  https://t.co/b78jEvV1id,it,[],['https://www.eventiavversinews.it/muore-14-enne-dopo-giorni-di-febbre-e-vomito-positiva-al-covid-era-vaccinata-con-tre-dosi/'],['https://pbs.twimg.com/media/FeuA09EX0AA6NPN.jpg'],0,0,0,"['covid19', 'vaccini', 'vaccinedeaths', 'pfizergate', 'terzadose', '14anni', 'ospedaleperrino', 'eventiavversi']",[],https://twitter.com/e_Avversi/status/1579497744087277569,False,,1,https://pbs.twimg.com/media/FeuA09EX0AA6NPN.jpg,,,,,,,[],,,,
1579497668404908034,1579497668404908034,2022-10-10 11:42:44 Eastern Daylight Time,2022-10-10,11:42:44,-0400,140562760,licmarcoatr,Marco A.Tlatelpa,,"Checa. La secretarÃ­a de Salud actualizÃ³ los datos #COVID19 en Puebla este 10 de octubre:  35 casos positivos durante el fin de semana, 146 casos activos, en 17 municipios, 4 hospitalizados, sin defunciones reportadas en el fin de semana.  https://t.co/BIuZo0teII",es,[],[],['https://pbs.twimg.com/media/FeuAv1tVEAQAWGo.jpg'],0,0,0,['covid19'],[],https://twitter.com/LicMarcoATR/status/1579497668404908034,False,,1,https://pbs.twimg.com/media/FeuAv1tVEAQAWGo.jpg,,,,,,,[],,,,
1579497404339847168,1579497404339847168,2022-10-10 11:41:41 Eastern Daylight Time,2022-10-10,11:41:41,-0400,1238373901824073728,covidmexico,Covid MÃ©xico,,"#ACTUALIZACIÃ“N ğŸŒ MUNDO   ğŸ¦  Casos: 626.8M (+231,867) âš°ï¸ Defunciones: 6.6M (+480) ğŸ’‰ Dosis aplicadas: 12,795M ğŸ’‰ Esquema completo: 4,965M ğŸ§ª Pruebas: 6,729M ğŸ—ºï¸ PaÃ­ses Afectados: 230  #COVID19 #COVIDãƒ¼19  https://t.co/e0McvHAkBg",es,[],[],"['https://pbs.twimg.com/media/FeuAargXEAAqjNg.png', 'https://pbs.twimg.com/media/FeuAclcXkAAoyn9.png', 'https://pbs.twimg.com/media/FeuAe_FWAAAJTij.png', 'https://pbs.twimg.com/media/FeuAgz2XwAAMmv1.png']",0,0,1,"['actualizaciÃ³n', 'covid19', 'covidãƒ¼19']",[],https://twitter.com/CovidMexico/status/1579497404339847168,False,,1,https://pbs.twimg.com/media/FeuAargXEAAqjNg.png,,,,,,,[],,,,
1579497385268371456,1579497385268371456,2022-10-10 11:41:36 Eastern Daylight Time,2022-10-10,11:41:36,-0400,435852003,fredolizaro,Fredliz,,#cnews #macrondegage #covid19  https://t.co/AsJWpxsV0L,qme,[],[],['https://pbs.twimg.com/media/FeuAdu1WQAguWiu.jpg'],0,0,2,"['cnews', 'macrondegage', 'covid19']",[],https://twitter.com/fredolizaro/status/1579497385268371456,False,,1,https://pbs.twimg.com/media/FeuAdu1WQAguWiu.jpg,,,,,,,[],,,,
1579497309754523648,1579497309754523648,2022-10-10 11:41:18 Eastern Daylight Time,2022-10-10,11:41:18,-0400,3128698166,tepeacanoticias,Tepeaca Noticias,,"La secretarÃ­a de Salud actualizÃ³ los datos #COVID19 en Puebla este 10 de octubre:  35 casos positivos durante el fin de semana, 146 casos activos, en 17 municipios, 4 hospitalizados, sin defunciones reportadas en el fin de semana.  https://t.co/TARAhhDiub",es,[],[],['https://pbs.twimg.com/media/FeuAbvrXgAA13yX.jpg'],0,0,0,['covid19'],[],https://twitter.com/TepeacaNoticias/status/1579497309754523648,False,,1,https://pbs.twimg.com/media/FeuAbvrXgAA13yX.jpg,,,,,,,[],,,,
1579497272462966784,1579497272462966784,2022-10-10 11:41:10 Eastern Daylight Time,2022-10-10,11:41:10,-0400,1487147457876217860,mrpopperp1,Mr. Popper P.,,Twee WAARHEID kanjers!  Geweldig gesprek. Superhoog niveau.  #Rutte #totalitarianism  #MattiasDesmet #Corona  #COVID19  https://t.co/pvBfmIybcF,nl,[],[],['https://pbs.twimg.com/media/FeuAKCzXoAMQ9dU.jpg'],0,0,0,"['rutte', 'totalitarianism', 'mattiasdesmet', 'corona', 'covid19']",[],https://twitter.com/MrPopperP1/status/1579497272462966784,False,,1,https://pbs.twimg.com/media/FeuAKCzXoAMQ9dU.jpg,,,,,,,[],,,,
1579497261037649921,1579497261037649921,2022-10-10 11:41:07 Eastern Daylight Time,2022-10-10,11:41:07,-0400,1156760998482731008,saludgobpue,SecretarÃ­a de Salud,,Anunciamos la logÃ­stica de vacunaciÃ³n contra #COVID19 en 38 municipios para:  ğŸ’‰ 5 a 11 aÃ±os 11 meses vacunados del 2 al 14 de agosto (2.a dosis) ğŸ’‰ 12 a 17 aÃ±os vacunados del 2 al 25 de agosto (2.a dosis)  ğŸ§µ (1/2) ğŸ‘‡  https://t.co/n34vKaquLW,es,[],[],"['https://pbs.twimg.com/media/Fet_m-UUcAAPjNY.jpg', 'https://pbs.twimg.com/media/Fet_m-zVIAAuEaK.jpg', 'https://pbs.twimg.com/media/Fet_nDcVUAARIGF.jpg']",1,2,6,['covid19'],[],https://twitter.com/SaludGobPue/status/1579497261037649921,False,,1,https://pbs.twimg.com/media/Fet_m-UUcAAPjNY.jpg,,,,,,,[],,,,
1579497256927236097,1579497256927236097,2022-10-10 11:41:06 Eastern Daylight Time,2022-10-10,11:41:06,-0400,53560048,eltxoromatutino,El Txoro Matutino,,"Del lunes 10 de Octubre al sÃ¡bado 15 de octubre del 2022, se estarÃ¡n aplicando vacunas contra el #COVID19 para todos los niÃ±@s de 5 a 11 aÃ±os, en el Centro de Seguridad Social del IMSS del Municipio de Jiutepec. ğŸ’‰  #Jiutepec #COVID19  https://t.co/oJ4CzsZIGN",es,"[{'screen_name': 's', 'name': 'ã€sã€', 'id': '347002675'}]",[],['https://pbs.twimg.com/media/FeuAYf6XEAAAtaP.jpg'],0,0,0,"['covid19', 'jiutepec', 'covid19']",[],https://twitter.com/ElTxoroMatutino/status/1579497256927236097,False,,1,https://pbs.twimg.com/media/FeuAYf6XEAAAtaP.jpg,,,,,,,[],,,,
1579497251868934144,1579497251868934144,2022-10-10 11:41:05 Eastern Daylight Time,2022-10-10,11:41:05,-0400,34262462,sputnikint,Sputnik,,#JulianAssange's Wife 'Worried' After Jailed Journalist Catches #COVID19  https://t.co/LmmEgKDufJ  https://t.co/h1rDtD9APF,en,[],['http://dlvr.it/SZqvDh'],['https://pbs.twimg.com/media/FeuAYRuaYAEyoyy.jpg'],0,2,4,"['julianassange', 'covid19']",[],https://twitter.com/SputnikInt/status/1579497251868934144,False,,1,https://pbs.twimg.com/media/FeuAYRuaYAEyoyy.jpg,,,,,,,[],,,,
1579497213939822594,1579497213939822594,2022-10-10 11:40:56 Eastern Daylight Time,2022-10-10,11:40:56,-0400,1299250539033575424,iceuchennaidiv1,AIIEAchennai1,,#COVID19TN Covid positive cases on 6.10.2022- TN 421 Individuals Tested 12860 TPR in TN 3.14%. TPR yesterday 3.25%. Testing down. Fatalities 0. Follow appropriate covid behavior to avoid infections. #COVID19 #coronaupdates #CovidVaccines  https://t.co/ODAamBmOwp,en,[],[],['https://pbs.twimg.com/media/FeuAWFvUUAAwtyO.jpg'],0,1,0,"['covid19tn', 'covid19', 'coronaupdates', 'covidvaccines']",[],https://twitter.com/iceuchennaidiv1/status/1579497213939822594,False,,1,https://pbs.twimg.com/media/FeuAWFvUUAAwtyO.jpg,,,,,,,[],,,,
1579497030569033728,1579265058722680832,2022-10-10 11:40:12 Eastern Daylight Time,2022-10-10,11:40:12,-0400,955524109299044354,sibhila,Sibhila ğŸ‡§ğŸ‡·ğŸš©â¤ğŸ™,,"@BolsonaroSP Vcs nÃ£o tÃªm vergonha naa fuÃ§a de enganar seus eleitores com tantas mentiras e ir para o INFERNO, nÃ£o, jÃ¡ q se declaram ""religiosos""ğŸ¤¥? Ou seu Ã© Baphomet???? #BolsonaroMentiroso  #COVID19  https://t.co/kBheqb4UuW",pt,[],[],['https://pbs.twimg.com/media/FeuALYiX0AIkvlh.jpg'],0,0,0,"['bolsonaromentiroso', 'covid19']",[],https://twitter.com/Sibhila/status/1579497030569033728,False,,1,https://pbs.twimg.com/media/FeuALYiX0AIkvlh.jpg,,,,,,,"[{'screen_name': 'BolsonaroSP', 'name': 'Eduardo Bolsonaro 22.22ğŸ‡§ğŸ‡·', 'id': '74756085'}]",,,,
1579497008825774081,1579497008825774081,2022-10-10 11:40:07 Eastern Daylight Time,2022-10-10,11:40:07,-0400,294314591,omarnews24,Omar Costantini_FriuliTv,,I NUMERI ODIERNI DEL COVID-19 IN FVG  https://t.co/dbcVmbdYxV   #COVID19 #friulitv  https://t.co/T6KHYzPGSz,it,[],['https://friulitv.net/i-numeri-odierni-del-covid-19-in-fvg-3'],['https://pbs.twimg.com/media/FeuAHnVWQAAQk9S.png'],0,0,0,"['covid19', 'friulitv']",[],https://twitter.com/OmarNews24/status/1579497008825774081,False,,1,https://pbs.twimg.com/media/FeuAHnVWQAAQk9S.png,,,,,,,[],,,,
1579496994544189440,1579496994544189440,2022-10-10 11:40:03 Eastern Daylight Time,2022-10-10,11:40:03,-0400,16952753,azdhs,AZ Dept of Health,,"Even if you have already had #COVID19, you can still get vaccinated to #ReduceTheSpread and stay protected from COVID-19 and its variants.   Find a vaccine provider near you:  https://t.co/q2kfD0trVQ  https://t.co/NfzFtJQKn4",en,[],['http://azhealth.gov/FindVaccine'],['https://pbs.twimg.com/media/FeuAJTMXkAIVE1F.jpg'],2,3,2,"['covid19', 'reducethespread']",[],https://twitter.com/AZDHS/status/1579496994544189440,False,,1,https://pbs.twimg.com/media/FeuAJTMXkAIVE1F.jpg,,,,,,,[],,,,
1579496897198555136,1579496897198555136,2022-10-10 11:39:40 Eastern Daylight Time,2022-10-10,11:39:40,-0400,1184064428720812033,pcmcsarathi,PCMC Smart Sarathi,,"#PCMC #COVID19 Updates, Date: 10/10/2022 till 4 PM. For More Information- â— Play store - https://t.co/uaj2roFAR5 â— iOS - https://t.co/w2RkHpULPy  https://t.co/vl3cLqZ5FL",en,[],"['https://bit.ly/PCMCSmartSarathiApp', 'https://bit.ly/PCMCSmartSarathiIOS']",['https://pbs.twimg.com/media/FeuADpaaUAEbNxd.jpg'],0,0,0,"['pcmc', 'covid19']",[],https://twitter.com/PCMCSarathi/status/1579496897198555136,False,,1,https://pbs.twimg.com/media/FeuADpaaUAEbNxd.jpg,,,,,,,[],,,,
1579496857520476162,1579496857520476162,2022-10-10 11:39:31 Eastern Daylight Time,2022-10-10,11:39:31,-0400,976911539507748864,erewashhealth,Wellbeing Erewash,,Over 65s can now book!  All Erewash practices are now booking in people aged over 65 and those with Long Term Health Conditions for their Flu and Covid vaccination. You will receive a call or text message from your practice if you are eligible. Stay safe this winter! #COVID19  https://t.co/Yt2zrC54qC,en,[],[],['https://pbs.twimg.com/media/Fet__AsWYAsYZgm.jpg'],0,0,0,['covid19'],[],https://twitter.com/ErewashHealth/status/1579496857520476162,False,,1,https://pbs.twimg.com/media/Fet__AsWYAsYZgm.jpg,,,,,,,[],,,,
1579496727983292416,1579496727983292416,2022-10-10 11:39:00 Eastern Daylight Time,2022-10-10,11:39:00,-0400,3354846525,strathclydeoa,StrathclydeOA,,The mental health experiences of ethnic minorities in the #UK during the Coronavirus pandemic: a qualitative exploration  https://t.co/e8RhIRsfwp #Open Access #WMHD2022 #COVID19 #MentalHealth #pandemic @StrathBusiness  https://t.co/BKzSjzRTdc,en,"[{'screen_name': 'strathbusiness', 'name': 'strathclyde business school', 'id': '44855964'}]",['https://strathprints.strath.ac.uk/81942/'],['https://pbs.twimg.com/media/Fet7bltWAAIiHK-.jpg'],0,0,0,"['uk', 'open', 'wmhd2022', 'covid19', 'mentalhealth', 'pandemic']",[],https://twitter.com/StrathclydeOA/status/1579496727983292416,False,,1,https://pbs.twimg.com/media/Fet7bltWAAIiHK-.jpg,,,,,,,[],,,,
1579496706433224705,1579496706433224705,2022-10-10 11:38:55 Eastern Daylight Time,2022-10-10,11:38:55,-0400,101284271,kennethkirkwood,Ken Kirkwood,,Oh look! @WesternU has posted a sign outside the building where they store their â€˜appreciationâ€™ for faculty efforts during #COVID19 @uwofa1 #Westernu  https://t.co/ZmBDc5vMFP,en,"[{'screen_name': 'westernu', 'name': 'western university', 'id': '20601500'}, {'screen_name': 'uwofa1', 'name': 'uwo faculty association', 'id': '1287759090505125893'}]",[],['https://pbs.twimg.com/media/Fet_4eMXwAAigTh.jpg'],0,0,1,"['covid19', 'westernu']",[],https://twitter.com/KennethKirkwood/status/1579496706433224705,False,,1,https://pbs.twimg.com/media/Fet_4eMXwAAigTh.jpg,,,,,,,[],,,,
1579496652913577984,1579496652913577984,2022-10-10 11:38:42 Eastern Daylight Time,2022-10-10,11:38:42,-0400,60706080,lewisbrisbois,Lewis Brisbois Law,,#Houston Partner Kent Altsuler recently authored a @statebaroftexas blog on how the #COVID19 pandemic has affected #mediation sessions in the #legal profession. Learn more and get a link to the full blog post on our website:  https://t.co/dZvJHETODY #LegalPractice #Mediators  https://t.co/DBqWRuwZsI,en,"[{'screen_name': 'statebaroftexas', 'name': 'state bar of texas', 'id': '14277364'}]",['http://ow.ly/k0IX50L63lr'],['https://pbs.twimg.com/media/Fet_1ciXEAEWsJg.jpg'],0,0,0,"['houston', 'covid19', 'mediation', 'legal', 'legalpractice', 'mediators']",[],https://twitter.com/LewisBrisbois/status/1579496652913577984,False,,1,https://pbs.twimg.com/media/Fet_1ciXEAEWsJg.jpg,,,,,,,[],,,,
1579496500543262720,1579496500543262720,2022-10-10 11:38:06 Eastern Daylight Time,2022-10-10,11:38:06,-0400,1549393075491020807,sofia301003481,Sofia,,"1/4 La ComisiÃ³n Presidencial para la PrevenciÃ³n, AtenciÃ³n y Control de la #COVID19 informa que en las Ãºltimas horas un total de 14 nuevos contagios se detectaron en Venezuela; todos los casos por transmisiÃ³n comunitaria #FuerzaPuebloLasTejerÃ­as @maritza00705638  https://t.co/4PU0BBvIy9",es,"[{'screen_name': 'maritza00705638', 'name': '@maritza', 'id': '1560311648900055042'}]",[],['https://pbs.twimg.com/media/Fet_snJXgAEqfCw.jpg'],0,20,1,"['covid19', 'fuerzapueblolastejerÃ­as']",[],https://twitter.com/Sofia301003481/status/1579496500543262720,False,,1,https://pbs.twimg.com/media/Fet_snJXgAEqfCw.jpg,,,,,,,[],,,,
1579496490615025664,1579496490615025664,2022-10-10 11:38:03 Eastern Daylight Time,2022-10-10,11:38:03,-0400,902735670824849409,pulsoregionalmx,Pulso Regional Mx,,"ğŸ˜·ğŸ¦  #ReporteCovid || Solo 35 casos positivos de #Covid19 se aÃ±adieron, en #Puebla, durante el fin de semana: #Salud â¬‡ï¸    https://t.co/vRHU95EcRy  https://t.co/FFVqujBFXx",es,[],['https://contrastesdepuebla.mx/solo-35-casos-positivos-de-covid-19-se-anadieron-en-puebla-durante-el-fin-de-semana-salud'],['https://pbs.twimg.com/media/Fet_r5gXgAIZp4O.jpg'],0,0,0,"['reportecovid', 'covid19', 'puebla', 'salud']",[],https://twitter.com/PulsoRegionalMX/status/1579496490615025664,False,,1,https://pbs.twimg.com/media/Fet_r5gXgAIZp4O.jpg,,,,,,,[],,,,
1579496401100484610,1579496401100484610,2022-10-10 11:37:42 Eastern Daylight Time,2022-10-10,11:37:42,-0400,2249890476,contrastesp,Contrastes Puebla,,"ğŸ˜·ğŸ¦  #ReporteCovid || Solo 35 casos positivos de #Covid19 se aÃ±adieron, en #Puebla, durante el fin de semana: #Salud â¬‡ï¸    https://t.co/K3RYVAeogZ  https://t.co/NHmbx1ED8y",es,[],['https://contrastesdepuebla.mx/solo-35-casos-positivos-de-covid-19-se-anadieron-en-puebla-durante-el-fin-de-semana-salud'],['https://pbs.twimg.com/media/Fet_mohXkAA8zdw.jpg'],0,0,0,"['reportecovid', 'covid19', 'puebla', 'salud']",[],https://twitter.com/ContrastesP/status/1579496401100484610,False,,1,https://pbs.twimg.com/media/Fet_mohXkAA8zdw.jpg,,,,,,,[],,,,
